_id,Fecha,Hora,Noroeste ozono,Noroeste dioxido de azufre,Noroeste dioxido de nitrogeno,Noroeste monoxido de carbono,Noroeste PM10,Noroeste PM25,Noreste ozono,Noreste dioxido de azufre,Noreste dioxido de nitrogeno,Noreste monoxido de carbono,Noreste PM10,Noreste PM25,Centro ozono,Centro dioxido de azufre,Centro dioxido de nitrogeno,Centro monoxido de carbono,Centro PM10,Centro PM25,Suroeste ozono,Suroeste dioxido de azufre,Suroeste dioxido de nitrogeno,Suroeste monoxido de carbono,Suroeste PM10,Suroeste PM25,Sureste ozono,Sureste dioxido de azufre,Sureste dioxido de nitrogeno,Sureste monoxido de carbono,Sureste PM10,Sureste PM25
1,2022-01-01T00:00:00,1,4,8,24,15,114,82,15,6,24,13,117,93,9,6,21,11,81,88,26,4,26,7,58,72,18,4,19,10,102,95
2,2022-01-01T00:00:00,2,4,8,23,16,115,83,16,8,22,15,118,96,6,6,22,11,81,89,23,4,16,7,60,75,15,4,18,11,103,99
3,2022-01-01T00:00:00,3,3,8,22,18,118,85,7,8,19,16,122,97,6,6,22,11,83,91,25,4,21,8,67,79,14,4,20,13,103,99
4,2022-01-01T00:00:00,4,3,8,21,21,122,87,4,8,21,17,123,101,5,6,21,11,90,95,26,4,20,8,73,85,10,4,20,13,103,106
5,2022-01-01T00:00:00,5,7,8,20,22,127,91,4,8,19,20,126,105,3,6,20,11,96,98,31,4,17,9,77,90,9,4,20,13,104,111
6,2022-01-01T00:00:00,6,9,8,20,23,130,96,3,8,19,21,132,109,3,6,19,12,101,102,31,4,14,9,78,92,9,4,18,12,105,114
7,2022-01-01T00:00:00,7,5,8,17,23,134,101,3,8,19,23,135,115,2,6,20,12,103,105,24,4,10,9,80,94,7,4,17,14,106,122
8,2022-01-01T00:00:00,8,4,8,16,23,136,103,4,8,18,23,137,119,3,6,23,13,105,108,27,4,11,8,83,95,8,4,19,15,107,128
9,2022-01-01T00:00:00,9,8,8,18,23,137,105,9,8,21,23,140,120,6,6,32,13,106,111,31,4,15,8,83,95,8,4,19,16,107,133
10,2022-01-01T00:00:00,10,20,8,23,22,137,106,24,8,23,22,143,122,20,6,33,13,108,116,37,4,20,9,83,96,24,4,20,17,108,136
11,2022-01-01T00:00:00,11,36,8,27,20,137,107,46,8,14,21,144,127,41,6,28,13,111,121,49,4,16,9,81,99,41,4,20,17,110,140
12,2022-01-01T00:00:00,12,65,8,19,17,137,109,92,8,10,18,145,131,92,6,23,13,113,125,98,4,15,8,83,102,84,4,16,16,110,143
13,2022-01-01T00:00:00,13,90,8,17,15,135,112,105,8,7,15,144,131,110,6,15,12,114,128,118,4,14,8,84,104,92,4,11,15,111,145
14,2022-01-01T00:00:00,14,92,8,11,13,134,114,112,8,7,13,143,132,118,6,10,11,115,129,128,4,10,7,87,106,101,4,10,12,112,145
15,2022-01-01T00:00:00,15,63,8,7,11,132,116,92,8,5,11,143,133,125,6,9,10,115,131,132,4,9,7,88,108,115,4,10,10,113,144
16,2022-01-01T00:00:00,16,46,8,6,8,130,117,78,8,4,9,145,133,115,6,7,8,116,131,129,4,7,7,91,109,112,4,9,7,114,144
17,2022-01-01T00:00:00,17,39,8,6,6,130,118,63,8,5,7,147,132,82,6,6,6,116,131,106,4,6,6,91,110,80,4,8,5,115,145
18,2022-01-01T00:00:00,18,27,8,11,5,129,119,45,8,6,5,150,132,49,6,9,5,116,130,86,4,8,5,91,110,50,4,9,5,109,145
19,2022-01-01T00:00:00,19,15,8,18,5,128,121,19,8,20,4,150,131,31,6,25,5,115,130,67,4,15,5,90,110,39,4,20,5,109,145
20,2022-01-01T00:00:00,20,9,8,20,5,126,102,19,10,25,4,148,131,23,6,33,5,115,130,51,4,21,6,91,111,21,4,31,6,108,144
21,2022-01-01T00:00:00,21,11,8,25,5,126,102,14,10,22,5,148,133,21,8,39,8,116,130,36,4,20,6,91,111,6,4,24,8,108,146
22,2022-01-01T00:00:00,22,6,10,23,5,126,101,9,10,30,8,149,135,11,8,37,9,116,130,18,4,14,6,91,111,10,4,22,10,109,147
23,2022-01-01T00:00:00,23,7,8,21,6,126,99,1,10,38,11,149,137,2,8,34,11,117,132,14,4,16,6,90,110,3,4,28,13,110,148
24,2022-01-01T00:00:00,24,6,8,20,7,124,97,1,10,33,14,149,139,3,8,31,11,117,133,13,4,14,6,90,109,2,4,28,14,110,149
25,2022-02-01T00:00:00,1,4,8,16,8,122,96,1,10,28,16,148,138,2,8,27,13,117,134,14,4,13,6,87,106,9,4,24,16,110,149
26,2022-02-01T00:00:00,2,7,8,14,9,121,93,1,10,24,18,145,139,1,8,23,14,117,134,14,4,14,6,83,104,9,4,25,17,110,151
27,2022-02-01T00:00:00,3,7,8,14,10,118,90,1,10,22,19,139,136,1,8,21,15,116,134,14,4,14,5,74,102,6,4,18,17,110,151
28,2022-02-01T00:00:00,4,7,8,14,10,114,85,1,10,20,19,135,134,4,8,19,15,114,132,14,4,13,6,67,99,6,4,20,15,108,145
29,2022-02-01T00:00:00,5,6,8,12,10,110,83,1,10,15,18,131,131,2,8,17,15,113,131,12,4,11,6,61,96,5,4,19,16,107,141
30,2022-02-01T00:00:00,6,4,8,11,9,106,81,1,10,13,16,124,128,1,8,17,14,111,129,14,4,8,6,57,92,9,4,17,15,106,139
31,2022-02-01T00:00:00,7,5,8,10,9,103,79,1,10,11,15,120,123,1,8,20,13,110,126,12,4,9,5,57,88,2,4,17,15,104,133
32,2022-02-01T00:00:00,8,2,8,10,10,100,77,1,12,11,13,116,119,2,8,22,12,108,123,9,4,11,5,54,86,1,6,15,15,103,127
33,2022-02-01T00:00:00,9,4,8,15,10,93,75,5,12,14,11,112,114,2,8,19,12,106,120,18,4,14,6,52,84,5,6,18,14,101,123
34,2022-02-01T00:00:00,10,11,8,20,10,84,73,13,12,21,12,107,109,10,8,28,12,104,114,24,4,21,6,51,82,14,6,21,14,99,118
35,2022-02-01T00:00:00,11,22,8,20,9,78,69,23,12,25,12,103,104,21,8,31,12,102,109,31,4,16,6,48,80,25,6,19,14,90,113
36,2022-02-01T00:00:00,12,30,6,13,8,71,65,34,12,24,12,101,100,34,8,27,12,97,104,36,4,10,5,44,75,34,6,17,12,96,109
37,2022-02-01T00:00:00,13,36,8,7,7,67,60,39,12,9,11,101,97,40,8,15,12,91,102,41,4,8,5,40,72,40,6,15,10,96,105
38,2022-02-01T00:00:00,14,35,8,7,6,67,55,40,12,5,10,101,95,48,8,8,11,88,99,45,4,6,5,38,70,43,6,9,8,91,102
39,2022-02-01T00:00:00,15,35,8,4,5,67,54,34,12,4,8,102,93,47,8,5,9,87,96,53,4,5,5,35,67,41,6,7,6,90,100
40,2022-02-01T00:00:00,16,31,8,5,5,71,53,32,12,5,7,103,91,45,8,5,6,84,93,50,4,3,5,33,65,32,6,6,5,90,98
41,2022-02-01T00:00:00,17,28,8,7,3,86,53,28,12,5,5,107,90,36,8,7,5,83,92,43,4,4,4,31,63,29,6,7,4,91,97
42,2022-02-01T00:00:00,18,22,8,6,3,107,52,24,12,7,5,115,90,28,8,8,5,84,92,32,4,6,3,33,62,22,6,8,3,93,96
43,2022-02-01T00:00:00,19,18,6,7,2,116,52,18,12,8,3,120,90,19,8,9,4,87,91,26,4,7,3,40,62,25,6,10,2,97,96
44,2022-02-01T00:00:00,20,15,6,8,3,117,53,14,10,10,3,121,90,13,8,9,4,88,92,21,4,8,3,58,62,12,4,12,3,99,95
45,2022-02-01T00:00:00,21,11,6,10,3,117,53,12,8,12,3,119,90,11,8,12,3,90,91,19,4,8,4,61,63,8,4,14,3,101,92
46,2022-02-01T00:00:00,22,12,6,13,3,116,53,14,6,11,3,118,88,12,6,11,4,90,90,16,4,6,4,61,62,6,4,14,3,102,89
47,2022-02-01T00:00:00,23,9,6,13,3,115,53,16,6,9,3,116,85,14,6,10,3,84,86,14,4,8,4,61,62,9,4,11,3,101,86
48,2022-02-01T00:00:00,24,12,6,13,3,114,53,16,6,7,3,114,79,20,6,10,3,78,82,14,4,9,4,60,61,11,4,13,4,99,82
49,2022-03-01T00:00:00,1,,8,,3,114,52,,6,,3,114,74,,6,,3,74,79,,4,,4,61,60,,4,,4,96,80
50,2022-03-01T00:00:00,2,,8,,4,114,53,,6,,3,114,70,,6,,3,70,75,,4,,4,63,60,,4,,4,93,77
51,2022-03-01T00:00:00,3,,8,,,113,54,,6,,,113,67,,6,,,65,73,,4,,,64,60,,4,,,90,74
52,2022-03-01T00:00:00,4,17,8,9,,112,55,14,6,8,,113,64,12,6,8,,63,71,15,4,10,,65,60,11,4,10,,87,72
53,2022-03-01T00:00:00,5,16,10,10,,112,55,14,6,9,,112,62,9,6,10,,60,69,11,4,8,,65,59,10,4,11,,84,69
54,2022-03-01T00:00:00,6,14,10,11,,111,56,12,6,10,,112,62,5,6,13,,58,67,9,4,9,,68,59,9,4,13,,83,65
55,2022-03-01T00:00:00,7,7,12,14,,111,57,6,6,12,,111,61,1,6,13,,57,66,8,4,12,,70,60,4,4,14,,81,63
56,2022-03-01T00:00:00,8,2,12,15,,110,58,3,6,13,,110,59,1,6,15,,55,65,4,6,14,,73,60,6,4,15,,80,61
57,2022-03-01T00:00:00,9,4,12,14,3,110,60,4,6,13,4,109,57,1,6,15,3,55,64,6,6,13,3,74,60,10,4,14,4,78,60
58,2022-03-01T00:00:00,10,8,12,15,3,110,62,6,6,13,4,109,57,4,6,14,4,54,64,9,4,11,3,76,61,13,4,14,4,77,61
59,2022-03-01T00:00:00,11,9,12,17,4,110,63,11,4,10,5,110,57,10,6,14,4,54,63,16,4,10,3,78,61,18,4,14,4,76,60
60,2022-03-01T00:00:00,12,15,12,20,5,111,64,20,4,10,5,110,56,18,6,16,5,54,63,24,4,12,4,81,62,31,4,14,4,74,60
61,2022-03-01T00:00:00,13,24,12,25,5,112,66,32,4,11,5,111,55,31,6,18,5,55,63,35,4,14,4,86,63,44,4,19,5,74,61
62,2022-03-01T00:00:00,14,34,12,28,5,113,69,41,4,17,6,112,57,46,4,19,5,57,64,48,4,17,5,88,65,61,4,20,5,76,62
63,2022-03-01T00:00:00,15,41,12,21,6,114,72,53,4,16,6,113,59,57,4,18,6,60,66,73,4,16,5,91,68,94,2,15,5,78,65
64,2022-03-01T00:00:00,16,49,12,14,6,114,73,63,4,13,7,112,61,80,4,19,6,63,69,88,4,14,5,94,69,98,4,16,5,83,67
65,2022-03-01T00:00:00,17,45,12,16,6,112,75,53,4,10,7,108,62,80,6,17,6,65,72,80,4,16,5,96,71,96,4,15,5,86,68
66,2022-03-01T00:00:00,18,41,12,21,6,106,76,47,4,11,7,91,64,67,6,20,5,67,75,78,4,17,5,96,73,69,4,19,5,88,70
67,2022-03-01T00:00:00,19,28,14,23,6,96,76,32,4,17,8,73,64,34,6,32,6,67,77,45,4,25,5,88,75,43,4,27,5,87,71
68,2022-03-01T00:00:00,20,30,16,22,6,90,76,21,4,28,7,73,65,19,8,29,6,64,78,28,6,30,5,71,75,28,4,40,5,88,72
69,2022-03-01T00:00:00,21,29,20,20,5,91,77,16,4,25,7,80,66,20,12,23,6,64,79,24,8,27,5,70,77,28,4,29,6,87,74
70,2022-03-01T00:00:00,22,14,26,22,5,93,78,17,4,22,6,84,67,14,14,24,6,67,80,14,10,25,5,73,78,16,4,28,6,86,75
71,2022-03-01T00:00:00,23,6,32,22,5,96,80,14,4,27,6,90,69,9,22,25,6,68,81,19,14,22,6,74,80,8,4,30,6,88,76
72,2022-03-01T00:00:00,24,6,34,22,5,99,82,21,12,27,6,96,71,6,24,25,6,71,83,19,16,15,6,77,82,4,6,29,7,93,78
73,2022-04-01T00:00:00,1,14,36,24,5,100,83,20,18,24,7,96,73,4,26,25,6,74,85,20,18,11,5,78,83,4,6,29,7,99,79
74,2022-04-01T00:00:00,2,13,34,23,6,101,85,1,18,22,8,99,75,11,26,23,6,78,87,19,18,9,5,80,84,8,6,26,8,102,80
75,2022-04-01T00:00:00,3,13,34,19,6,102,85,4,20,19,7,101,77,3,26,23,6,81,89,23,18,12,5,81,85,4,8,25,8,103,83
76,2022-04-01T00:00:00,4,11,34,20,6,102,86,5,20,20,7,102,79,4,26,20,6,84,91,21,18,14,5,81,85,2,8,24,7,103,84
77,2022-04-01T00:00:00,5,12,32,19,6,102,87,2,20,18,7,103,80,1,26,19,6,87,92,16,18,12,5,83,85,4,8,23,8,105,87
78,2022-04-01T00:00:00,6,7,32,19,6,103,88,1,20,16,7,103,82,1,26,20,7,88,93,14,18,15,5,81,85,1,8,21,9,105,90
79,2022-04-01T00:00:00,7,2,32,21,7,103,87,1,22,15,8,105,84,1,26,20,7,90,93,9,20,19,5,83,85,1,8,22,10,106,92
80,2022-04-01T00:00:00,8,1,32,20,9,105,87,2,22,16,10,107,85,1,26,23,9,93,95,4,20,18,5,83,85,2,8,22,12,107,95
81,2022-04-01T00:00:00,9,2,32,21,11,106,87,3,22,18,14,108,86,2,28,30,10,96,97,21,20,19,5,83,85,11,8,26,15,109,97
82,2022-04-01T00:00:00,10,10,34,34,13,107,86,9,22,30,15,110,87,6,28,36,11,97,99,35,20,27,5,81,84,18,10,40,17,110,99
83,2022-04-01T00:00:00,11,22,34,43,14,109,87,22,24,35,16,111,90,16,30,43,12,100,101,36,20,28,5,80,86,29,10,49,20,110,102
84,2022-04-01T00:00:00,12,32,34,27,14,110,87,41,24,21,16,111,92,33,30,25,13,101,102,40,20,18,6,77,86,42,10,26,20,111,104
85,2022-04-01T00:00:00,13,44,34,19,14,109,86,61,24,20,17,111,92,44,30,18,12,101,102,48,20,20,6,76,86,53,10,20,19,111,104
86,2022-04-01T00:00:00,14,44,34,15,13,107,84,98,24,16,16,111,91,61,30,20,11,100,101,65,20,17,6,73,85,69,10,19,17,111,103
87,2022-04-01T00:00:00,15,51,34,14,12,106,82,112,24,12,15,110,90,80,30,20,10,99,100,80,20,14,7,70,84,63,12,10,15,110,103
88,2022-04-01T00:00:00,16,55,34,14,9,106,81,119,24,11,14,111,89,98,30,14,8,97,99,92,20,13,7,68,83,73,12,10,13,109,102
89,2022-04-01T00:00:00,17,46,34,14,6,105,79,113,24,10,11,111,89,92,30,13,7,94,97,98,20,11,6,65,82,82,12,9,8,108,102
90,2022-04-01T00:00:00,18,36,34,28,5,105,78,104,24,13,8,113,88,98,30,18,5,91,96,94,20,16,5,64,81,82,12,10,5,107,101
91,2022-04-01T00:00:00,19,16,34,31,5,104,76,49,26,29,7,112,87,32,30,40,5,90,95,44,20,30,5,61,79,49,12,14,4,108,100
92,2022-04-01T00:00:00,20,5,34,37,6,104,75,41,26,30,8,113,87,21,28,42,6,88,95,33,18,31,5,60,78,35,14,21,4,107,100
93,2022-04-01T00:00:00,21,3,36,37,8,105,75,31,26,30,9,114,89,15,28,42,7,90,95,42,16,32,5,60,77,29,6,23,5,107,99
94,2022-04-01T00:00:00,22,6,36,34,10,107,75,26,26,34,11,116,89,7,26,41,8,90,95,42,14,28,5,58,77,29,6,23,5,107,100
95,2022-04-01T00:00:00,23,12,34,30,11,108,74,18,26,38,14,117,89,16,22,40,9,90,95,38,14,28,6,57,76,25,6,23,5,107,100
96,2022-04-01T00:00:00,24,11,28,27,12,109,73,4,20,38,15,118,88,15,20,36,11,93,96,39,10,23,6,55,76,19,6,33,6,107,100
97,2022-05-01T00:00:00,1,15,20,21,13,110,73,10,14,33,14,119,89,11,18,31,13,93,96,37,10,17,6,54,75,15,6,30,7,106,101
98,2022-05-01T00:00:00,2,18,16,23,13,110,72,1,12,30,15,119,88,16,16,27,14,93,96,24,10,13,6,52,74,16,6,27,9,106,101
99,2022-05-01T00:00:00,3,18,16,17,12,110,73,1,12,25,17,119,89,4,16,26,14,93,95,27,10,15,6,52,73,11,6,24,10,106,102
100,2022-05-01T00:00:00,4,18,16,18,11,110,72,3,12,21,17,118,89,4,14,24,14,93,95,28,10,17,5,51,73,12,6,25,11,105,101
101,2022-05-01T00:00:00,5,14,16,21,9,109,71,9,12,19,17,118,89,1,14,24,13,94,95,23,10,14,5,51,72,14,6,22,12,106,102
102,2022-05-01T00:00:00,6,6,18,21,7,109,71,1,12,20,16,117,88,1,14,26,12,96,95,19,10,18,5,51,72,11,6,21,14,106,102
103,2022-05-01T00:00:00,7,2,18,21,7,108,70,1,12,19,17,117,87,1,14,24,12,96,95,11,10,23,4,50,72,11,6,21,15,106,101
104,2022-05-01T00:00:00,8,1,18,22,9,108,70,1,12,19,19,116,87,1,14,26,11,97,95,6,10,24,4,51,72,4,6,21,16,106,100
105,2022-05-01T00:00:00,9,1,18,29,12,109,70,4,12,24,22,116,87,3,12,33,10,97,95,16,10,22,5,51,72,9,6,30,19,105,99
106,2022-05-01T00:00:00,10,8,18,41,13,109,69,13,12,33,22,117,89,11,12,42,12,97,95,38,10,30,5,51,72,14,6,42,21,105,99
107,2022-05-01T00:00:00,11,21,16,53,14,109,69,21,10,40,21,117,88,24,12,34,12,97,95,41,10,21,5,51,71,31,6,40,22,105,98
108,2022-05-01T00:00:00,12,44,16,57,15,108,69,43,10,39,19,117,87,39,12,25,13,97,94,49,10,12,5,51,71,49,6,20,21,105,97
109,2022-05-01T00:00:00,13,44,16,32,14,108,70,51,10,20,19,118,88,48,12,12,12,97,94,50,10,6,5,52,70,82,6,7,20,105,97
110,2022-05-01T00:00:00,14,46,16,14,14,108,70,59,10,7,17,117,87,49,12,8,11,97,94,61,10,7,5,52,69,82,6,6,17,106,97
111,2022-05-01T00:00:00,15,50,18,13,12,108,69,94,10,10,15,117,86,67,12,10,9,94,92,84,10,7,5,52,68,82,6,7,15,106,95
112,2022-05-01T00:00:00,16,55,18,12,9,107,71,106,10,10,13,114,84,94,12,10,7,93,91,96,10,7,5,52,66,80,6,9,12,106,95
113,2022-05-01T00:00:00,17,59,16,15,7,107,72,105,8,9,9,113,83,106,12,12,5,93,90,103,10,8,4,54,66,73,6,8,7,106,93
114,2022-05-01T00:00:00,18,49,16,24,5,107,73,76,10,14,7,112,83,82,12,17,4,93,90,76,10,17,4,54,65,73,6,8,5,106,93
115,2022-05-01T00:00:00,19,22,16,41,5,107,74,44,10,21,6,112,83,41,12,27,4,91,90,45,10,22,3,54,65,55,6,9,4,107,92
116,2022-05-01T00:00:00,20,33,16,39,6,107,75,39,10,27,6,112,83,35,12,33,5,93,90,41,10,19,4,54,64,49,6,15,4,106,92
117,2022-05-01T00:00:00,21,17,16,39,8,110,75,29,10,34,6,111,81,35,12,35,6,91,89,39,10,32,4,52,64,36,6,16,4,106,92
118,2022-05-01T00:00:00,22,10,16,39,9,111,75,27,10,24,7,111,81,33,12,38,7,91,89,41,10,31,5,52,63,28,6,21,5,106,92
119,2022-05-01T00:00:00,23,14,14,37,10,111,75,30,10,30,9,111,81,19,10,38,7,90,88,40,8,30,6,52,63,33,6,18,5,106,91
120,2022-05-01T00:00:00,24,4,14,36,12,112,,26,10,35,12,109,81,16,10,37,8,90,87,36,8,28,7,52,64,31,6,24,6,105,91
121,2022-06-01T00:00:00,1,4,14,29,13,113,,29,6,36,14,111,80,15,10,33,10,88,87,33,6,22,8,52,64,15,6,26,6,105,90
122,2022-06-01T00:00:00,2,8,12,29,12,113,,4,6,35,15,113,79,6,10,29,11,88,87,33,6,21,9,52,64,10,6,30,6,105,90
123,2022-06-01T00:00:00,3,10,10,26,13,113,,6,6,31,15,114,78,9,10,26,11,88,87,33,6,19,9,52,64,15,6,30,9,104,90
124,2022-06-01T00:00:00,4,11,10,23,14,113,,4,6,28,16,116,78,2,10,27,11,87,87,34,6,15,9,51,64,16,6,27,11,104,91
125,2022-06-01T00:00:00,5,9,8,20,13,113,,2,6,23,15,117,78,2,10,29,11,86,87,31,6,15,9,51,64,9,6,23,13,105,91
126,2022-06-01T00:00:00,6,5,8,22,12,113,,3,6,23,15,117,79,2,10,31,12,86,88,26,6,17,8,51,64,12,4,25,15,105,91
127,2022-06-01T00:00:00,7,1,8,22,13,113,,1,6,23,15,118,79,1,10,30,12,86,89,20,6,17,8,50,64,6,4,23,17,106,92
128,2022-06-01T00:00:00,8,1,10,24,14,113,,1,6,23,15,118,79,1,10,34,13,86,89,19,6,18,8,50,64,4,4,22,21,106,92
129,2022-06-01T00:00:00,9,2,8,30,15,114,,3,6,27,15,119,80,3,10,39,14,86,90,25,6,20,8,50,65,9,4,27,21,106,92
130,2022-06-01T00:00:00,10,9,8,36,15,114,,14,6,35,15,119,80,11,10,52,14,87,90,35,6,26,8,50,64,16,4,34,21,105,91
131,2022-06-01T00:00:00,11,19,8,49,15,114,,28,6,40,15,120,81,26,10,40,13,87,91,39,4,28,9,50,64,35,4,28,20,105,90
132,2022-06-01T00:00:00,12,40,8,33,15,112,,45,6,28,15,120,80,44,8,22,13,87,92,47,4,13,9,50,64,46,4,14,18,104,89
133,2022-06-01T00:00:00,13,61,8,21,15,112,,84,6,11,15,121,80,76,8,14,12,87,92,65,4,8,8,49,64,63,4,9,15,104,89
134,2022-06-01T00:00:00,14,100,8,19,15,113,,105,6,10,15,121,81,100,8,11,12,90,93,90,4,6,7,49,64,51,4,7,14,103,89
135,2022-06-01T00:00:00,15,110,8,14,13,114,,100,6,9,13,119,82,90,8,10,10,91,94,90,4,7,6,49,65,49,4,8,10,104,89
136,2022-06-01T00:00:00,16,88,8,14,11,114,,90,6,10,11,121,82,55,8,12,8,94,95,82,4,8,5,49,65,48,4,5,7,104,90
137,2022-06-01T00:00:00,17,49,8,31,9,114,,48,6,14,10,121,82,46,8,13,6,97,97,59,4,10,5,49,66,49,4,8,5,104,90
138,2022-06-01T00:00:00,18,39,8,25,7,116,,44,6,16,9,122,82,46,8,14,5,97,96,49,4,12,4,50,66,51,4,10,5,104,90
139,2022-06-01T00:00:00,19,32,8,20,5,117,78,34,6,16,7,122,82,33,8,12,4,97,95,26,4,9,3,50,67,40,4,12,5,103,90
140,2022-06-01T00:00:00,20,23,8,23,5,116,77,24,6,9,6,123,82,23,8,15,4,97,95,22,4,5,3,50,67,30,4,11,5,103,90
141,2022-06-01T00:00:00,21,12,8,17,5,113,75,16,6,15,6,122,81,14,8,13,4,94,93,19,4,7,3,50,66,18,4,15,5,103,90
142,2022-06-01T00:00:00,22,3,8,19,5,111,74,14,6,20,6,119,80,6,8,20,5,90,90,14,4,11,3,48,65,11,2,17,5,103,88
143,2022-06-01T00:00:00,23,2,8,20,5,109,72,7,6,20,6,118,79,2,8,20,5,86,89,11,4,10,3,45,64,14,2,17,6,103,87
144,2022-06-01T00:00:00,24,1,8,20,6,108,72,9,6,21,7,118,77,1,8,16,6,83,87,11,4,13,4,44,62,24,4,13,5,103,88
145,2022-07-01T00:00:00,1,1,8,17,6,108,71,27,6,19,7,116,76,1,8,18,7,78,85,11,4,13,3,43,61,25,4,7,5,103,88
146,2022-07-01T00:00:00,2,3,8,16,6,106,70,11,6,19,7,114,76,4,8,20,7,77,83,14,4,14,3,41,60,23,4,9,5,103,86
147,2022-07-01T00:00:00,3,4,8,15,7,105,68,13,6,19,7,111,75,1,8,16,8,76,83,14,4,12,3,40,59,12,4,15,5,103,84
148,2022-07-01T00:00:00,4,4,8,13,8,104,67,4,6,14,7,108,75,1,8,14,8,73,82,21,4,9,3,40,59,17,4,15,4,102,82
149,2022-07-01T00:00:00,5,5,6,13,8,102,66,2,6,15,8,107,74,1,8,14,8,70,80,16,4,10,3,39,58,10,4,15,4,101,81
150,2022-07-01T00:00:00,6,2,6,15,7,102,66,1,6,16,8,106,73,1,8,16,8,67,78,11,4,13,3,39,58,7,4,13,5,99,80
151,2022-07-01T00:00:00,7,1,6,16,7,100,64,1,6,18,8,105,73,1,8,17,8,64,76,4,4,16,3,38,57,3,4,15,5,94,78
152,2022-07-01T00:00:00,8,1,6,16,7,96,64,1,6,15,8,104,72,1,8,18,9,63,75,7,4,17,3,38,56,5,4,17,6,93,77
153,2022-07-01T00:00:00,9,1,6,18,9,93,63,3,6,20,9,102,71,1,8,20,9,60,73,17,4,15,4,38,55,6,4,21,8,90,76
154,2022-07-01T00:00:00,10,5,6,27,10,91,62,8,6,28,10,97,70,6,8,31,10,57,71,15,4,20,5,38,55,14,4,33,10,90,74
155,2022-07-01T00:00:00,11,14,6,30,11,90,62,21,6,30,11,90,69,19,8,35,11,52,68,26,4,21,5,38,54,27,4,37,12,90,73
156,2022-07-01T00:00:00,12,25,6,28,11,87,61,38,6,24,12,81,68,31,8,35,11,52,68,35,4,22,5,38,53,37,4,30,13,90,73
157,2022-07-01T00:00:00,13,41,6,25,12,84,61,48,6,15,12,77,67,37,8,30,11,52,68,46,4,19,5,38,53,41,4,18,13,91,74
158,2022-07-01T00:00:00,14,49,6,16,12,81,62,46,6,10,11,78,68,41,8,18,11,54,70,47,4,19,6,39,53,40,4,13,13,90,74
159,2022-07-01T00:00:00,15,55,6,12,11,80,61,45,6,9,9,83,68,36,8,24,10,52,70,46,4,18,6,40,54,44,4,20,12,87,74
160,2022-07-01T00:00:00,16,48,6,18,10,80,60,49,6,15,8,80,67,29,8,22,9,52,70,37,4,14,6,41,54,38,4,23,10,87,75
161,2022-07-01T00:00:00,17,41,6,20,7,77,60,45,6,29,7,80,68,21,8,25,8,52,70,30,4,24,6,40,53,39,4,23,9,88,76
162,2022-07-01T00:00:00,18,23,6,20,6,71,60,23,6,30,7,81,68,7,8,28,8,54,71,22,4,20,5,39,53,41,4,16,8,88,77
163,2022-07-01T00:00:00,19,23,6,9,5,64,61,17,6,27,7,80,69,22,8,17,7,54,71,27,4,10,5,39,52,29,4,22,7,87,77
164,2022-07-01T00:00:00,20,17,6,14,5,67,60,16,6,15,6,74,69,19,8,13,7,51,71,20,4,6,5,39,52,21,4,19,7,87,77
165,2022-07-01T00:00:00,21,16,6,14,4,65,60,11,6,20,7,68,69,13,8,16,6,51,71,21,4,11,5,38,52,19,4,21,7,87,77
166,2022-07-01T00:00:00,22,8,6,18,4,65,60,6,6,21,9,70,69,1,8,18,6,51,71,18,4,16,5,38,52,6,4,19,8,86,77
167,2022-07-01T00:00:00,23,3,6,18,5,64,59,1,6,22,11,71,71,1,6,18,7,51,70,10,4,17,5,38,52,17,4,20,8,90,77
168,2022-07-01T00:00:00,24,1,4,19,5,63,60,1,6,22,13,73,72,1,6,19,8,51,70,15,4,16,5,39,52,6,4,21,9,90,77
169,2022-08-01T00:00:00,1,1,4,17,5,64,60,1,4,22,13,77,76,1,6,19,9,51,70,19,4,14,4,38,52,7,4,18,9,91,77
170,2022-08-01T00:00:00,2,4,4,15,5,64,60,1,4,21,14,84,85,1,6,17,9,51,70,26,4,12,4,38,53,16,4,19,9,91,78
171,2022-08-01T00:00:00,3,1,4,14,5,65,60,1,4,20,14,87,86,1,6,17,10,51,70,26,4,15,4,38,53,18,2,16,9,91,79
172,2022-08-01T00:00:00,4,2,4,18,5,64,60,1,4,18,14,88,86,1,6,19,11,52,71,24,4,14,5,38,53,19,2,12,8,93,80
173,2022-08-01T00:00:00,5,3,4,15,6,67,60,1,4,18,14,90,88,1,8,19,13,55,72,26,4,13,5,38,53,14,2,14,7,93,80
174,2022-08-01T00:00:00,6,2,4,14,6,67,60,1,4,20,15,93,89,1,8,19,14,57,73,25,4,14,5,38,53,7,2,14,7,93,79
175,2022-08-01T00:00:00,7,1,4,15,6,70,59,1,4,20,15,96,92,1,8,21,15,58,74,13,4,19,4,38,54,8,2,16,8,93,79
176,2022-08-01T00:00:00,8,1,4,17,7,73,59,1,4,18,15,99,95,1,8,20,15,60,74,11,2,18,4,38,54,10,2,17,8,91,79
177,2022-08-01T00:00:00,9,2,4,21,9,74,60,3,4,21,15,100,97,3,8,23,15,60,74,14,2,15,4,36,54,6,2,23,10,91,79
178,2022-08-01T00:00:00,10,6,4,26,10,77,59,9,4,26,15,101,98,9,8,43,15,60,74,26,2,20,5,36,54,21,2,31,11,90,80
179,2022-08-01T00:00:00,11,18,4,30,11,77,58,23,4,25,15,101,99,24,6,47,15,61,75,30,2,18,5,35,54,33,2,24,12,90,81
180,2022-08-01T00:00:00,12,27,4,23,12,78,58,39,4,16,15,101,98,38,6,33,15,61,77,41,2,13,5,35,55,42,2,16,12,91,80
181,2022-08-01T00:00:00,13,38,4,17,11,78,58,46,4,9,15,101,98,41,6,13,14,61,77,45,2,8,5,35,55,46,2,10,12,90,79
182,2022-08-01T00:00:00,14,46,4,13,11,78,58,49,4,7,12,101,97,48,6,10,12,60,75,50,2,8,5,33,54,59,2,7,11,88,79
183,2022-08-01T00:00:00,15,47,4,10,9,77,59,49,4,4,9,101,96,67,6,9,9,60,76,63,2,7,5,33,54,73,2,7,9,88,79
184,2022-08-01T00:00:00,16,49,4,11,8,77,59,61,4,6,6,100,95,65,6,12,7,60,76,71,2,10,5,33,53,71,2,6,8,90,79
185,2022-08-01T00:00:00,17,50,4,13,5,76,60,59,4,6,5,99,94,47,6,14,5,58,75,57,2,10,4,33,54,57,2,9,5,90,77
186,2022-08-01T00:00:00,18,45,4,16,5,74,60,43,4,12,5,96,93,29,6,22,5,57,74,33,2,4,3,33,54,35,2,11,3,88,76
187,2022-08-01T00:00:00,19,33,6,14,3,77,60,26,4,13,5,94,93,22,6,15,4,57,74,24,2,10,3,31,53,27,2,12,3,88,76
188,2022-08-01T00:00:00,20,33,6,14,3,78,61,26,4,16,5,93,93,23,6,18,3,57,74,25,2,15,3,30,53,15,2,20,4,88,76
189,2022-08-01T00:00:00,21,30,6,15,3,88,62,29,4,10,5,100,94,31,6,9,3,57,74,30,4,11,3,29,54,19,2,15,5,87,76
190,2022-08-01T00:00:00,22,26,6,12,2,90,62,28,4,8,5,99,95,31,6,7,3,60,75,31,4,8,3,31,54,30,2,9,5,90,77
191,2022-08-01T00:00:00,23,27,6,9,2,90,63,26,4,9,5,97,93,28,6,8,3,60,75,30,4,7,3,33,55,29,2,7,5,93,77
192,2022-08-01T00:00:00,24,19,6,10,2,91,63,21,4,10,4,99,92,28,6,10,3,58,75,31,4,9,3,33,54,24,2,9,4,91,76
193,2022-09-01T00:00:00,1,,6,,2,90,62,,4,,4,99,88,,6,,3,57,75,,4,,3,33,55,,2,,4,87,75
194,2022-09-01T00:00:00,2,,6,,2,86,61,,4,,4,96,79,,6,,2,55,74,,4,,3,33,55,,2,,5,84,74
195,2022-09-01T00:00:00,3,,6,,,83,61,,4,,,93,77,,6,,,54,74,,4,,,33,55,,2,,,84,72
196,2022-09-01T00:00:00,4,10,6,17,,81,61,6,4,18,,90,75,10,6,15,,52,73,34,4,11,,33,55,19,2,16,,84,72
197,2022-09-01T00:00:00,5,7,4,16,,80,61,7,4,16,,90,74,8,6,18,,50,72,26,4,13,,33,54,19,2,12,,83,71
198,2022-09-01T00:00:00,6,4,4,16,,78,61,2,4,16,,87,73,9,6,17,,49,71,15,4,13,,33,55,9,2,16,,83,71
199,2022-09-01T00:00:00,7,3,4,15,,77,61,1,4,16,,86,69,4,4,17,,46,69,9,4,13,,33,55,9,2,14,,81,70
200,2022-09-01T00:00:00,8,1,4,15,,74,61,1,4,16,,83,65,1,4,17,,45,69,9,4,14,,33,55,12,2,14,,81,70
201,2022-09-01T00:00:00,9,5,4,17,6,70,60,6,4,19,6,81,64,4,4,20,9,44,68,24,4,13,4,31,56,6,2,16,8,81,70
202,2022-09-01T00:00:00,10,14,4,21,6,64,60,16,4,21,7,73,62,12,4,27,9,44,68,31,4,14,5,31,55,16,2,17,8,81,68
203,2022-09-01T00:00:00,11,21,4,19,6,61,60,32,4,20,7,68,61,28,4,27,9,43,67,34,4,11,5,31,55,29,2,16,8,78,67
204,2022-09-01T00:00:00,12,35,4,19,6,57,60,44,2,15,7,67,61,42,4,24,10,40,66,42,2,10,5,30,54,42,2,10,8,74,66
205,2022-09-01T00:00:00,13,43,4,12,6,52,60,48,2,11,7,63,62,49,4,20,9,40,66,49,2,7,5,29,54,50,2,11,8,73,65
206,2022-09-01T00:00:00,14,38,4,9,6,54,59,51,2,6,6,65,62,61,4,7,9,40,66,53,2,6,4,29,54,71,2,8,7,73,66
207,2022-09-01T00:00:00,15,43,4,7,5,55,58,46,2,4,6,67,62,46,4,8,8,40,66,73,2,6,4,29,54,69,2,6,6,73,66
208,2022-09-01T00:00:00,16,44,4,5,5,55,56,44,2,4,5,67,62,46,4,6,6,39,65,86,2,6,4,29,54,59,2,5,5,73,66
209,2022-09-01T00:00:00,17,46,4,6,4,55,55,42,2,5,5,67,62,44,4,6,5,38,65,48,2,5,3,29,54,46,2,5,4,70,66
210,2022-09-01T00:00:00,18,42,6,8,3,57,54,40,2,8,5,65,61,43,4,10,4,38,64,44,2,5,3,28,54,39,2,8,4,67,65
211,2022-09-01T00:00:00,19,28,6,10,3,54,54,24,2,10,4,63,61,37,4,11,3,36,63,41,2,8,3,28,54,39,2,10,3,65,65
212,2022-09-01T00:00:00,20,19,6,10,2,52,53,19,2,11,4,57,60,21,4,9,2,36,63,25,2,7,3,28,55,17,2,11,3,65,64
213,2022-09-01T00:00:00,21,26,6,11,2,44,53,21,2,11,4,43,59,22,4,10,2,35,63,22,2,7,3,29,54,14,2,12,3,64,63
214,2022-09-01T00:00:00,22,19,6,14,2,44,52,21,2,13,5,46,59,21,4,12,2,35,62,19,2,12,3,28,54,13,2,12,3,60,62
215,2022-09-01T00:00:00,23,18,6,19,3,46,52,21,2,17,5,50,59,16,4,13,2,34,62,24,2,15,3,26,54,18,2,11,3,55,62
216,2022-09-01T00:00:00,24,19,6,20,3,48,53,19,2,16,6,51,60,15,4,18,3,34,62,29,2,11,3,26,53,17,2,11,3,54,63
217,2022-10-01T00:00:00,1,17,6,19,4,50,53,21,2,16,7,52,59,21,4,21,3,35,62,31,2,8,3,26,53,19,2,17,4,55,63
218,2022-10-01T00:00:00,2,18,6,16,4,52,54,27,2,17,7,54,59,23,4,19,3,35,62,33,2,6,3,26,53,21,2,20,4,57,64
219,2022-10-01T00:00:00,3,24,6,11,4,54,55,31,2,12,7,55,59,22,4,13,3,36,63,34,2,6,2,25,53,22,2,13,5,60,64
220,2022-10-01T00:00:00,4,21,8,15,4,57,54,27,2,10,7,58,59,24,4,12,3,36,63,29,4,7,2,25,52,21,2,13,5,61,64
221,2022-10-01T00:00:00,5,21,8,14,4,58,55,26,2,13,7,60,59,21,6,10,3,36,63,30,4,9,2,26,53,19,2,14,5,61,64
222,2022-10-01T00:00:00,6,11,10,15,4,61,55,16,2,19,6,61,59,20,6,13,3,38,63,31,4,11,2,26,52,19,2,18,5,64,65
223,2022-10-01T00:00:00,7,3,10,20,4,63,55,3,2,20,6,64,59,22,6,16,3,38,64,31,4,17,2,28,52,21,4,19,6,64,65
224,2022-10-01T00:00:00,8,1,10,20,5,67,57,3,2,20,7,68,60,18,6,16,4,38,64,29,4,13,2,28,51,21,4,20,7,65,65
225,2022-10-01T00:00:00,9,4,10,20,5,68,58,3,4,20,8,73,60,24,8,20,4,38,65,30,6,9,3,29,52,21,4,18,9,68,66
226,2022-10-01T00:00:00,10,22,10,22,5,68,58,10,4,20,9,81,61,22,8,18,5,38,64,31,6,7,3,29,52,21,4,20,9,68,66
227,2022-10-01T00:00:00,11,22,10,10,5,67,59,26,4,12,8,87,60,26,8,16,5,38,64,31,6,7,3,30,52,24,4,14,9,71,66
228,2022-10-01T00:00:00,12,28,10,8,5,65,58,29,4,8,8,86,59,27,8,10,5,36,63,31,6,7,3,30,51,30,4,8,9,73,65
229,2022-10-01T00:00:00,13,31,10,7,6,65,58,33,4,5,8,86,59,34,8,10,5,35,61,34,6,6,3,31,51,37,4,6,8,73,66
230,2022-10-01T00:00:00,14,32,10,7,6,64,58,36,4,5,8,81,58,40,8,8,5,34,59,41,6,6,3,33,52,40,4,6,8,73,65
231,2022-10-01T00:00:00,15,31,10,8,5,63,58,30,4,5,6,80,58,42,8,10,5,34,59,45,6,6,3,34,52,45,4,6,6,73,64
232,2022-10-01T00:00:00,16,21,10,8,5,67,58,24,4,5,5,83,58,29,8,8,5,35,60,36,4,6,3,35,52,36,4,6,5,74,64
233,2022-10-01T00:00:00,17,20,10,9,4,70,58,21,4,5,4,81,58,22,8,8,5,36,60,24,4,6,3,35,52,22,4,5,4,77,64
234,2022-10-01T00:00:00,18,16,10,11,3,70,58,16,2,6,3,81,58,17,8,7,4,36,60,19,4,7,2,36,52,18,4,6,3,81,63
235,2022-10-01T00:00:00,19,11,10,11,3,74,57,13,2,7,3,83,58,13,8,8,4,36,60,15,4,6,2,38,52,16,4,8,2,87,63
236,2022-10-01T00:00:00,20,10,10,11,3,73,57,13,2,8,3,81,57,10,8,9,4,36,61,12,4,8,3,39,51,13,4,9,3,93,63
237,2022-10-01T00:00:00,21,11,10,11,3,74,58,11,2,6,3,81,56,11,8,9,3,38,61,13,4,7,2,38,49,16,4,10,3,99,62
238,2022-10-01T00:00:00,22,11,10,10,3,71,57,11,2,7,3,80,55,11,8,10,3,38,62,13,4,8,2,39,48,10,4,8,3,100,62
239,2022-10-01T00:00:00,23,11,10,9,3,68,57,10,2,8,3,80,55,8,8,8,3,38,63,14,4,7,2,38,48,11,4,8,3,102,61
240,2022-10-01T00:00:00,24,13,10,8,2,65,56,9,2,10,3,80,54,9,8,11,3,39,64,16,4,5,2,38,48,9,4,11,3,101,60
241,2022-11-01T00:00:00,1,13,10,7,2,63,55,11,2,11,3,80,54,10,8,10,3,31,54,16,4,5,2,36,49,6,4,12,3,101,59
242,2022-11-01T00:00:00,2,13,10,6,2,60,54,10,2,12,3,81,54,12,8,9,3,31,54,16,4,4,2,36,50,9,4,10,3,100,58
243,2022-11-01T00:00:00,3,14,10,9,1,58,54,11,2,11,3,83,53,12,6,10,3,30,53,16,4,3,2,35,51,10,4,10,3,97,58
244,2022-11-01T00:00:00,4,14,8,10,1,57,54,11,2,10,2,38,53,13,6,10,2,29,52,17,4,3,2,35,52,11,4,11,2,94,57
245,2022-11-01T00:00:00,5,12,6,11,1,52,52,10,2,10,2,36,52,11,6,10,2,29,52,18,4,3,1,35,43,11,4,11,3,93,57
246,2022-11-01T00:00:00,6,10,6,10,1,50,52,6,2,9,3,35,52,6,4,10,2,28,49,17,4,6,1,35,41,8,4,10,3,90,56
247,2022-11-01T00:00:00,7,5,6,11,2,49,51,1,2,11,3,34,44,6,4,13,3,26,46,13,2,7,1,35,39,2,4,10,4,90,54
248,2022-11-01T00:00:00,8,1,6,12,2,46,47,1,2,13,4,33,39,3,4,13,3,25,43,10,2,9,1,33,37,1,4,11,5,87,53
249,2022-11-01T00:00:00,9,5,6,12,3,45,43,4,2,13,5,31,36,4,4,13,4,24,40,11,2,10,1,31,35,6,4,11,5,84,51
250,2022-11-01T00:00:00,10,10,4,10,4,44,40,9,2,8,5,29,33,6,4,12,5,24,39,14,2,8,2,31,33,11,2,10,6,80,48
251,2022-11-01T00:00:00,11,11,6,11,4,43,37,11,2,8,5,26,30,8,4,12,5,23,38,15,2,9,2,30,30,13,2,10,6,78,44
252,2022-11-01T00:00:00,12,15,6,10,4,43,37,16,2,10,5,26,28,8,4,11,5,23,35,16,2,9,2,29,29,16,2,9,6,77,40
253,2022-11-01T00:00:00,13,18,6,10,5,43,35,19,2,12,5,26,26,12,4,11,6,23,35,19,2,7,2,28,28,24,2,11,6,76,38
254,2022-11-01T00:00:00,14,21,6,9,4,41,33,22,2,9,5,26,23,18,4,10,6,23,33,22,2,8,3,26,27,24,2,9,6,76,38
255,2022-11-01T00:00:00,15,23,6,9,4,41,32,26,2,9,5,26,23,25,4,10,6,23,32,27,2,7,3,25,28,31,2,10,5,76,38
256,2022-11-01T00:00:00,16,25,6,8,4,39,33,28,2,10,4,26,23,26,4,10,6,21,30,31,2,9,3,25,27,35,2,9,5,76,39
257,2022-11-01T00:00:00,17,26,6,9,3,38,34,31,2,8,3,26,25,29,4,9,5,21,32,29,2,11,3,24,26,36,2,11,4,77,41
258,2022-11-01T00:00:00,18,24,6,12,3,38,35,29,2,10,3,26,26,27,4,15,3,21,34,32,2,12,3,23,29,31,2,12,4,76,44
259,2022-11-01T00:00:00,19,17,6,18,3,38,38,21,2,14,4,25,29,13,4,19,3,21,36,19,2,19,3,21,32,21,2,16,4,70,46
260,2022-11-01T00:00:00,20,10,6,17,4,36,37,7,0,18,4,25,30,6,4,20,3,23,38,15,2,22,4,23,35,20,2,24,5,63,48
261,2022-11-01T00:00:00,21,11,6,14,4,36,35,8,0,11,4,26,33,5,4,16,4,24,40,14,2,18,4,24,39,16,2,22,6,60,51
262,2022-11-01T00:00:00,22,12,6,11,4,36,37,6,0,14,4,28,34,9,4,15,4,25,42,15,4,11,4,25,42,3,2,18,7,61,51
263,2022-11-01T00:00:00,23,9,6,11,3,36,38,8,0,15,4,29,35,9,4,15,4,26,43,10,4,11,4,25,43,4,2,14,7,61,52
264,2022-11-01T00:00:00,24,10,6,11,3,36,38,11,0,15,4,29,36,9,4,14,5,26,43,9,6,11,4,29,45,5,2,14,7,63,52
265,2022-12-01T00:00:00,1,12,8,13,3,38,40,11,2,13,4,30,35,8,4,11,4,28,45,10,6,12,4,29,45,6,2,14,7,63,52
266,2022-12-01T00:00:00,2,4,8,10,3,39,42,9,2,10,4,30,36,6,4,14,4,28,45,6,6,11,4,30,47,6,2,11,7,64,53
267,2022-12-01T00:00:00,3,4,8,10,3,39,41,7,2,12,4,30,37,3,4,14,3,28,45,5,6,10,4,31,49,6,4,9,7,67,53
268,2022-12-01T00:00:00,4,3,10,10,2,40,44,4,2,11,3,31,38,1,4,13,2,29,48,6,6,10,3,33,50,4,4,9,6,70,52
269,2022-12-01T00:00:00,5,2,10,10,2,40,45,2,4,10,3,31,39,1,4,12,2,30,50,4,6,11,3,33,51,3,4,10,5,71,53
270,2022-12-01T00:00:00,6,1,10,11,2,41,46,1,4,10,3,33,61,1,4,13,2,31,52,1,6,11,4,31,52,1,4,11,5,73,53
271,2022-12-01T00:00:00,7,1,10,10,3,43,47,1,8,11,3,34,61,1,4,15,3,31,52,1,6,12,4,31,53,1,4,11,6,73,53
272,2022-12-01T00:00:00,8,1,10,11,4,44,51,1,10,11,4,34,61,1,6,19,5,33,53,1,6,14,5,31,53,1,4,11,8,74,54
273,2022-12-01T00:00:00,9,2,10,13,6,45,52,4,10,13,5,35,61,2,6,19,5,34,54,4,8,11,6,33,54,3,4,14,9,76,55
274,2022-12-01T00:00:00,10,7,10,24,7,48,53,7,12,15,6,36,61,6,8,20,6,35,55,9,8,14,6,35,54,9,4,20,9,77,56
275,2022-12-01T00:00:00,11,11,10,38,9,50,55,15,12,21,7,38,61,15,10,23,6,36,56,21,8,19,7,36,55,19,4,27,10,78,58
276,2022-12-01T00:00:00,12,19,10,30,10,52,56,27,14,17,9,40,59,24,10,25,7,38,58,31,8,20,7,38,57,31,4,23,10,80,61
277,2022-12-01T00:00:00,13,27,12,23,11,55,58,36,14,11,9,41,57,34,10,19,7,41,63,42,8,15,7,39,58,40,4,10,10,84,63
278,2022-12-01T00:00:00,14,35,12,13,10,58,60,45,14,12,9,43,58,38,10,20,7,41,63,44,8,13,7,40,60,39,6,9,10,88,64
279,2022-12-01T00:00:00,15,36,12,10,10,60,61,41,16,8,9,44,58,35,12,10,6,43,65,46,10,10,7,41,60,45,6,9,9,91,65
280,2022-12-01T00:00:00,16,36,14,10,8,60,62,39,16,6,8,44,57,42,12,11,5,43,64,49,10,8,5,41,61,55,6,9,8,93,65
281,2022-12-01T00:00:00,17,33,16,10,5,63,62,36,16,7,6,44,57,44,12,14,5,41,64,45,10,8,5,43,61,42,6,8,6,88,65
282,2022-12-01T00:00:00,18,28,16,13,5,65,62,29,18,10,5,44,57,34,14,13,4,41,63,36,12,9,4,43,61,32,6,10,5,88,64
283,2022-12-01T00:00:00,19,16,18,19,5,70,62,21,18,14,4,44,57,23,14,16,3,43,63,26,12,16,4,44,61,24,8,16,4,91,64
284,2022-12-01T00:00:00,20,9,18,22,4,71,63,16,18,22,4,45,57,11,14,22,3,41,63,16,14,20,4,44,61,17,8,20,4,99,64
285,2022-12-01T00:00:00,21,11,18,22,4,74,63,16,18,21,5,46,58,6,14,22,4,41,63,17,14,23,4,44,60,6,8,21,5,100,64
286,2022-12-01T00:00:00,22,7,18,21,5,83,62,15,20,18,5,49,59,11,14,23,4,41,64,19,14,21,4,44,60,8,8,19,5,101,65
287,2022-12-01T00:00:00,23,5,18,20,5,87,63,14,20,16,5,50,59,9,16,21,5,43,64,17,14,19,4,45,60,4,8,16,6,100,66
288,2022-12-01T00:00:00,24,6,18,16,5,91,64,14,20,17,5,50,59,6,16,18,5,43,64,17,16,17,5,45,61,6,8,15,7,102,66
289,2022-01-13T00:00:00,1,8,22,15,5,93,63,6,20,15,5,52,60,1,16,17,5,44,64,11,18,12,5,45,61,3,8,15,8,103,66
290,2022-01-13T00:00:00,2,3,22,15,5,94,63,3,18,16,5,52,60,1,16,17,5,44,64,11,18,10,5,46,61,6,8,15,8,104,66
291,2022-01-13T00:00:00,3,4,22,12,5,96,64,2,18,17,6,54,61,1,16,17,5,45,64,16,18,8,5,46,61,3,8,15,8,105,67
292,2022-01-13T00:00:00,4,6,24,14,5,99,64,1,18,15,5,55,61,1,18,16,5,45,64,16,18,7,4,45,61,3,8,11,8,105,68
293,2022-01-13T00:00:00,5,8,24,13,4,101,64,1,18,12,5,57,62,1,18,16,5,45,65,19,18,12,4,45,60,6,8,13,7,106,68
294,2022-01-13T00:00:00,6,6,24,13,3,102,63,1,16,11,5,58,63,1,18,16,5,45,66,12,18,12,3,44,59,6,8,13,7,106,68
295,2022-01-13T00:00:00,7,1,24,13,4,102,62,2,14,12,6,60,64,1,18,18,5,45,66,6,18,16,2,44,59,3,8,12,8,105,69
296,2022-01-13T00:00:00,8,1,24,14,5,103,62,2,12,11,6,63,66,1,18,18,5,45,66,4,18,18,3,43,58,4,8,13,10,106,70
297,2022-01-13T00:00:00,9,2,22,17,6,103,62,4,10,14,7,63,66,2,18,22,6,45,65,10,18,14,3,41,58,3,8,17,12,106,71
298,2022-01-13T00:00:00,10,7,22,27,8,102,61,9,10,20,9,63,66,4,18,31,7,46,65,28,18,21,4,41,58,11,8,26,14,107,72
299,2022-01-13T00:00:00,11,14,22,28,9,102,61,18,10,22,10,63,66,13,18,38,8,46,65,31,18,30,5,39,57,21,8,25,14,109,73
300,2022-01-13T00:00:00,12,21,22,19,9,103,60,26,10,20,11,61,64,29,18,25,8,46,65,35,18,21,5,39,58,31,8,16,15,109,72
301,2022-01-13T00:00:00,13,30,22,11,9,103,58,33,10,8,11,60,64,40,18,17,8,46,65,42,18,13,6,36,57,35,8,8,15,109,71
302,2022-01-13T00:00:00,14,33,22,7,9,103,56,34,10,5,9,60,64,44,18,16,8,46,65,48,18,14,6,36,57,38,8,5,14,108,70
303,2022-01-13T00:00:00,15,33,22,7,8,102,56,36,10,4,8,60,63,44,18,9,7,46,64,47,16,9,6,36,57,36,8,4,12,109,70
304,2022-01-13T00:00:00,16,34,22,10,6,101,54,39,10,5,6,60,64,39,18,10,6,46,64,44,16,7,5,36,56,40,8,5,9,109,69
305,2022-01-13T00:00:00,17,33,20,9,5,100,54,31,8,8,5,60,64,31,18,12,5,46,64,37,18,8,5,36,57,39,8,6,6,110,69
306,2022-01-13T00:00:00,18,29,20,12,4,97,54,29,8,10,5,60,64,32,16,14,5,46,64,32,16,9,4,36,56,31,6,10,5,110,69
307,2022-01-13T00:00:00,19,21,20,19,4,97,54,20,10,17,4,61,65,21,16,20,4,46,64,27,16,14,3,36,57,24,6,16,5,110,69
308,2022-01-13T00:00:00,20,11,20,22,4,96,55,19,10,23,4,61,65,10,18,22,4,46,64,16,16,22,3,36,57,16,8,21,4,109,69
309,2022-01-13T00:00:00,21,16,20,19,4,94,55,14,8,15,4,60,65,8,18,21,3,48,65,22,16,21,3,36,57,7,8,20,4,109,70
310,2022-01-13T00:00:00,22,9,20,16,4,91,55,6,8,16,4,57,65,10,18,18,4,48,65,16,16,20,3,36,57,9,8,17,5,108,69
311,2022-01-13T00:00:00,23,9,20,19,5,88,54,4,8,17,5,55,65,9,18,18,4,46,66,9,14,18,4,36,57,9,8,16,6,109,69
312,2022-01-13T00:00:00,24,4,20,18,5,90,55,1,10,17,5,57,67,5,18,19,4,46,67,11,12,13,4,38,58,6,8,16,7,109,69
313,2022-01-14T00:00:00,1,5,18,18,5,90,55,1,10,16,6,57,68,1,16,19,5,46,67,13,10,15,4,38,58,3,8,21,7,110,71
314,2022-01-14T00:00:00,2,7,16,16,5,90,55,1,10,15,6,57,69,2,16,20,5,46,67,16,10,13,4,38,58,2,8,16,8,110,71
315,2022-01-14T00:00:00,3,6,16,16,5,91,55,1,10,14,6,58,70,1,14,18,5,48,67,16,10,11,4,38,58,3,8,15,8,110,72
316,2022-01-14T00:00:00,4,9,16,15,5,93,56,1,10,15,5,60,70,1,14,17,5,48,67,14,10,12,4,38,58,2,8,13,8,110,73
317,2022-01-14T00:00:00,5,7,18,14,4,91,56,1,10,13,5,60,70,1,14,17,5,48,67,13,10,13,4,39,59,1,8,13,8,110,74
318,2022-01-14T00:00:00,6,4,18,14,5,91,57,1,10,14,5,60,69,1,14,18,5,48,67,16,10,16,4,39,60,1,8,13,8,110,75
319,2022-01-14T00:00:00,7,1,18,16,5,91,58,1,10,12,6,60,69,1,12,20,5,49,68,5,10,18,4,40,60,1,8,13,9,111,76
320,2022-01-14T00:00:00,8,1,20,16,5,93,59,1,10,13,9,58,68,1,12,20,6,50,69,4,10,20,4,40,60,2,8,14,11,111,77
321,2022-01-14T00:00:00,9,2,20,19,7,96,59,3,10,16,12,60,69,2,12,27,7,51,69,14,10,17,5,41,61,3,8,17,13,111,77
322,2022-01-14T00:00:00,10,6,22,34,9,97,59,7,10,26,12,63,73,8,12,26,8,51,69,33,10,22,5,43,61,12,8,28,14,111,77
323,2022-01-14T00:00:00,11,12,24,39,10,99,60,20,12,24,12,65,74,19,12,35,8,50,69,38,10,19,6,44,62,26,6,25,14,110,78
324,2022-01-14T00:00:00,12,28,24,26,11,99,61,39,12,22,12,70,76,38,12,29,9,51,69,39,10,13,6,44,62,39,6,10,14,109,78
325,2022-01-14T00:00:00,13,36,24,16,11,96,62,45,12,12,11,70,76,44,12,22,9,52,71,50,10,14,6,45,62,47,6,11,13,109,78
326,2022-01-14T00:00:00,14,45,24,12,10,99,62,51,12,12,11,68,80,55,12,15,8,52,71,63,10,20,7,44,62,55,6,12,12,108,78
327,2022-01-14T00:00:00,15,43,24,5,10,101,61,71,10,10,10,67,79,49,12,14,8,52,71,67,10,10,7,44,63,65,6,10,11,107,78
328,2022-01-14T00:00:00,16,39,24,7,8,100,61,84,10,10,8,67,78,45,12,12,6,52,71,50,10,5,6,44,63,71,6,10,8,106,80
329,2022-01-14T00:00:00,17,36,22,6,5,99,61,67,10,9,6,67,79,44,12,11,5,52,70,48,10,4,5,44,62,82,6,10,6,106,80
330,2022-01-14T00:00:00,18,32,22,9,4,97,61,34,8,9,4,68,80,39,10,10,5,51,69,42,8,6,4,43,61,36,6,10,5,106,81
331,2022-01-14T00:00:00,19,19,20,21,3,96,61,19,8,19,4,94,79,20,10,21,4,51,69,29,8,20,3,41,61,22,4,15,5,106,81
332,2022-01-14T00:00:00,20,9,20,26,4,96,61,28,8,25,5,96,78,4,8,29,5,50,68,19,6,22,3,40,60,24,4,11,4,106,81
333,2022-01-14T00:00:00,21,1,20,25,5,96,61,16,10,25,7,101,78,5,8,31,6,50,68,24,6,21,3,40,59,22,4,12,4,106,82
334,2022-01-14T00:00:00,22,1,20,25,7,99,61,18,10,27,11,102,79,12,8,28,8,50,68,25,6,18,3,39,59,21,4,11,4,106,82
335,2022-01-14T00:00:00,23,1,20,24,8,100,62,15,10,30,14,103,80,6,8,28,10,50,68,31,4,22,4,39,59,18,4,12,5,105,83
336,2022-01-14T00:00:00,24,1,18,25,9,101,61,12,10,28,17,105,78,5,8,28,11,50,68,34,4,21,5,39,59,20,2,19,5,103,84
337,2022-01-15T00:00:00,1,,18,,11,103,63,,10,,19,105,78,,8,,13,51,68,,4,,5,39,59,,2,,5,102,83
338,2022-01-15T00:00:00,2,,18,,12,103,63,,10,,22,106,78,,8,,15,52,69,,4,,5,39,59,,2,,5,102,83
339,2022-01-15T00:00:00,3,,16,,,104,63,,10,,,106,78,,8,,,51,69,,4,,,39,59,,2,,,101,82
340,2022-01-15T00:00:00,4,12,16,22,,105,64,16,10,20,,108,79,7,8,22,,51,69,36,4,18,,39,59,14,2,16,,100,82
341,2022-01-15T00:00:00,5,6,14,23,,105,64,9,10,19,,110,80,16,8,19,,51,69,35,4,16,,39,59,12,2,19,,97,81
342,2022-01-15T00:00:00,6,1,14,24,,106,65,2,10,20,,111,81,12,8,21,,51,69,35,4,15,,39,59,9,2,20,,96,82
343,2022-01-15T00:00:00,7,1,14,24,,107,64,1,10,18,,112,82,6,8,22,,52,68,32,4,15,,40,59,5,2,19,,96,82
344,2022-01-15T00:00:00,8,1,14,22,,107,63,1,10,18,,113,83,1,6,22,,51,69,31,4,14,,40,59,2,2,19,,94,82
345,2022-01-15T00:00:00,9,3,12,26,13,107,64,4,10,22,12,114,85,6,6,20,9,50,68,28,4,16,5,40,59,6,2,24,15,90,82
346,2022-01-15T00:00:00,10,8,10,40,13,108,65,9,10,32,13,115,85,14,4,28,9,49,68,25,4,15,5,40,59,16,2,36,15,91,82
347,2022-01-15T00:00:00,11,24,8,40,13,108,66,23,10,24,14,115,87,26,4,33,9,49,69,31,4,14,5,38,58,29,2,30,15,93,82
348,2022-01-15T00:00:00,12,34,6,19,12,108,68,38,10,16,14,116,87,36,4,20,9,49,69,39,4,10,5,38,57,43,2,13,15,91,82
349,2022-01-15T00:00:00,13,35,6,11,11,108,68,39,8,9,15,115,87,37,4,17,9,48,68,37,4,8,5,35,57,42,2,13,14,90,83
350,2022-01-15T00:00:00,14,31,8,7,9,107,69,39,10,5,15,114,84,35,4,9,8,48,68,41,4,5,5,35,57,44,2,9,13,93,82
351,2022-01-15T00:00:00,15,29,8,6,8,107,70,42,10,5,14,114,84,38,4,7,6,48,68,41,4,4,4,35,55,42,2,5,11,94,82
352,2022-01-15T00:00:00,16,34,8,7,6,107,71,32,10,5,11,114,84,36,4,7,5,48,68,36,4,5,4,35,54,41,4,5,8,97,82
353,2022-01-15T00:00:00,17,31,8,8,5,107,71,31,10,5,10,115,84,32,4,9,4,48,68,35,4,5,3,36,55,32,4,6,5,97,81
354,2022-01-15T00:00:00,18,28,8,10,4,108,70,29,10,9,7,115,84,30,6,12,3,49,68,33,4,7,3,36,56,31,4,7,4,96,80
355,2022-01-15T00:00:00,19,16,8,18,3,108,69,19,10,18,6,115,85,21,6,21,3,50,69,24,4,15,2,38,56,39,4,16,3,94,80
356,2022-01-15T00:00:00,20,7,8,21,3,107,69,19,8,21,5,115,88,9,6,26,3,50,69,15,4,20,3,38,57,26,4,20,3,94,80
357,2022-01-15T00:00:00,21,12,8,19,3,108,69,30,8,15,5,114,88,11,6,24,4,51,70,13,4,20,4,39,57,31,4,19,4,93,80
358,2022-01-15T00:00:00,22,10,8,17,4,107,69,29,8,15,5,114,88,10,6,18,5,50,69,14,4,21,4,39,57,24,4,18,4,93,80
359,2022-01-15T00:00:00,23,8,8,17,4,107,69,13,8,15,5,112,89,6,6,19,5,50,68,11,6,19,5,39,58,21,4,20,5,91,80
360,2022-01-15T00:00:00,24,8,8,16,5,106,69,10,6,19,6,111,90,4,6,19,5,50,68,21,6,17,5,40,58,9,4,23,5,91,80
361,2022-01-16T00:00:00,1,12,8,12,5,105,69,10,6,15,6,110,91,3,6,17,6,50,68,12,6,17,5,40,58,17,4,23,6,91,80
362,2022-01-16T00:00:00,2,9,8,13,5,104,70,6,6,11,6,108,92,9,6,13,6,50,67,20,6,16,5,40,58,8,4,18,7,93,81
363,2022-01-16T00:00:00,3,7,8,14,5,103,71,6,8,13,6,107,91,9,6,13,5,50,67,14,6,16,5,40,58,6,4,18,8,93,81
364,2022-01-16T00:00:00,4,7,8,14,5,102,70,5,8,14,6,105,89,6,6,14,5,50,68,9,6,15,5,40,58,4,4,17,8,93,81
365,2022-01-16T00:00:00,5,4,8,14,4,102,69,4,10,14,7,102,89,6,6,14,5,50,68,6,6,14,5,41,59,6,4,15,8,96,81
366,2022-01-16T00:00:00,6,4,10,13,4,101,69,8,14,12,7,101,88,4,6,14,4,50,67,4,6,13,5,43,59,2,4,14,8,97,80
367,2022-01-16T00:00:00,7,2,10,13,4,97,71,6,18,12,7,97,89,3,6,15,4,49,67,2,6,12,5,44,59,1,4,13,7,97,78
368,2022-01-16T00:00:00,8,4,12,12,4,93,72,8,20,11,7,93,89,1,6,13,4,50,68,2,6,13,5,44,59,1,4,12,8,99,78
369,2022-01-16T00:00:00,9,4,14,11,4,90,72,8,20,10,7,90,89,4,8,17,4,52,70,6,6,14,5,45,59,3,4,11,9,99,78
370,2022-01-16T00:00:00,10,9,14,12,4,84,73,11,20,10,7,84,89,7,8,17,4,55,72,24,6,17,6,45,61,12,4,13,9,96,79
371,2022-01-16T00:00:00,11,16,14,17,4,80,72,16,22,9,7,80,91,14,10,20,5,58,75,29,6,17,6,46,64,24,4,16,9,93,80
372,2022-01-16T00:00:00,12,25,16,21,4,78,71,34,22,10,8,80,93,26,10,21,5,60,78,30,8,18,6,45,66,39,4,13,9,93,82
373,2022-01-16T00:00:00,13,37,16,20,5,81,74,55,22,7,7,81,95,41,12,17,5,63,80,46,8,19,6,48,69,48,6,9,8,94,85
374,2022-01-16T00:00:00,14,44,16,16,5,86,77,71,22,9,7,83,95,59,12,15,5,65,82,78,8,17,6,51,72,76,6,9,8,94,86
375,2022-01-16T00:00:00,15,48,16,10,5,87,78,76,22,8,7,84,96,92,12,13,5,68,84,96,8,15,6,54,75,88,6,8,6,93,87
376,2022-01-16T00:00:00,16,41,16,10,5,88,79,90,22,8,7,84,97,101,12,14,5,71,87,86,8,7,5,57,77,57,6,10,5,90,87
377,2022-01-16T00:00:00,17,19,16,9,4,90,79,36,24,10,6,86,98,28,12,10,5,74,89,36,8,4,5,61,79,36,4,9,5,88,89
378,2022-01-16T00:00:00,18,20,16,18,4,90,79,19,24,10,6,87,98,16,12,15,5,76,90,27,8,10,5,64,79,27,4,10,5,91,89
379,2022-01-16T00:00:00,19,14,16,18,5,88,79,17,24,11,6,87,96,12,12,17,5,74,90,28,8,13,5,63,85,24,4,12,5,99,89
380,2022-01-16T00:00:00,20,8,16,18,5,86,78,14,24,19,6,81,94,7,12,21,5,73,90,16,8,15,5,60,84,21,4,20,5,99,89
381,2022-01-16T00:00:00,21,12,16,11,5,83,79,9,24,21,6,77,93,7,12,19,5,71,89,11,8,16,5,60,83,18,4,19,5,96,88
382,2022-01-16T00:00:00,22,15,16,12,5,78,78,16,24,18,6,76,93,13,12,15,5,70,89,19,8,15,5,58,82,14,4,20,5,94,87
383,2022-01-16T00:00:00,23,6,16,15,6,76,78,7,24,21,6,74,91,9,12,17,5,68,89,16,8,15,5,55,81,9,4,18,6,94,87
384,2022-01-16T00:00:00,24,9,16,19,6,74,77,7,24,20,6,71,90,1,10,17,5,67,89,20,8,14,5,54,80,7,4,18,6,94,86
385,2022-01-17T00:00:00,1,3,16,16,6,76,77,6,24,18,6,68,89,1,10,17,5,65,88,23,6,15,5,52,79,11,4,17,6,91,86
386,2022-01-17T00:00:00,2,1,16,15,6,76,76,1,24,18,6,67,88,4,10,18,5,64,88,25,6,14,5,52,79,17,4,17,7,90,85
387,2022-01-17T00:00:00,3,1,16,15,6,77,75,14,22,13,6,68,88,1,10,20,6,65,89,24,6,15,5,51,79,24,4,12,6,88,85
388,2022-01-17T00:00:00,4,1,14,12,5,67,75,21,22,13,5,67,88,3,10,16,6,64,88,19,6,13,6,52,80,24,4,9,5,86,85
389,2022-01-17T00:00:00,5,1,14,11,5,67,76,12,18,12,6,65,87,3,10,16,6,64,88,5,6,11,6,52,80,17,4,11,5,83,84
390,2022-01-17T00:00:00,6,1,14,10,5,64,75,13,14,14,6,65,86,1,10,15,6,63,88,8,6,9,5,52,80,9,4,11,5,78,84
391,2022-01-17T00:00:00,7,1,12,10,5,61,73,6,12,17,7,63,85,2,10,16,7,63,88,1,6,10,5,52,80,3,4,17,5,76,84
392,2022-01-17T00:00:00,8,1,10,10,7,58,72,1,10,17,9,60,82,1,10,16,8,63,87,1,6,10,5,52,80,2,4,14,5,73,83
393,2022-01-17T00:00:00,9,1,10,14,8,58,70,4,8,15,12,57,80,3,10,18,9,60,86,5,6,13,6,52,80,5,4,18,7,70,82
394,2022-01-17T00:00:00,10,4,8,22,10,58,69,9,8,19,13,54,77,8,8,24,9,57,84,15,6,20,7,52,80,12,4,24,9,70,79
395,2022-01-17T00:00:00,11,12,8,27,10,58,69,19,6,24,14,50,73,18,8,27,9,54,82,27,4,15,7,52,80,26,4,25,10,67,77
396,2022-01-17T00:00:00,12,28,8,21,10,58,69,31,6,17,14,49,70,29,6,20,9,50,78,34,4,13,6,51,78,38,4,17,11,67,74
397,2022-01-17T00:00:00,13,37,8,15,10,55,67,41,6,9,14,46,68,39,6,12,9,48,75,42,4,11,6,48,75,41,4,10,10,67,72
398,2022-01-17T00:00:00,14,41,8,13,10,52,64,45,4,5,14,45,68,45,4,12,9,45,73,49,4,10,6,45,72,50,2,8,10,65,71
399,2022-01-17T00:00:00,15,42,6,12,9,51,63,47,4,7,13,44,66,46,4,13,7,44,71,49,2,10,6,43,70,55,2,8,9,65,71
400,2022-01-17T00:00:00,16,41,6,9,8,50,63,51,4,8,11,43,65,46,4,12,6,41,68,49,2,10,5,40,67,47,2,9,7,67,70
401,2022-01-17T00:00:00,17,41,6,9,5,49,62,55,4,9,9,41,64,38,4,16,5,40,66,44,2,8,4,39,66,39,2,8,5,67,69
402,2022-01-17T00:00:00,18,34,6,12,4,49,63,35,4,12,8,40,64,35,4,15,5,39,66,39,2,10,4,39,66,35,2,9,5,70,68
403,2022-01-17T00:00:00,19,31,6,15,3,50,63,24,4,15,8,41,64,26,4,19,4,39,67,31,2,8,3,39,66,34,2,12,5,60,69
404,2022-01-17T00:00:00,20,26,6,15,3,50,63,26,4,19,7,44,65,26,4,12,3,39,66,29,2,6,3,39,66,29,2,13,5,58,69
405,2022-01-17T00:00:00,21,22,6,15,2,50,63,21,4,16,7,45,65,26,4,9,3,39,67,31,2,6,3,39,65,27,2,15,5,58,69
406,2022-01-17T00:00:00,22,14,6,18,2,50,63,20,4,16,6,45,64,27,4,10,3,39,67,29,2,6,3,38,64,27,2,12,5,58,69
407,2022-01-17T00:00:00,23,9,6,19,3,50,64,25,4,16,6,45,65,20,4,16,3,39,66,22,2,10,3,38,64,25,2,12,5,57,69
408,2022-01-17T00:00:00,24,12,6,15,3,50,63,24,4,11,6,44,64,20,4,16,3,39,66,23,2,9,3,38,64,24,2,11,5,57,69
409,2022-01-18T00:00:00,1,9,6,21,3,50,63,15,4,13,5,44,63,16,4,19,3,39,66,15,2,12,3,38,64,15,2,17,5,55,68
410,2022-01-18T00:00:00,2,3,6,20,3,50,63,9,4,16,5,43,63,8,4,18,3,39,66,24,2,13,3,38,64,14,2,22,4,55,68
411,2022-01-18T00:00:00,3,4,6,18,4,50,63,10,4,16,5,41,63,6,4,18,3,39,65,26,2,11,3,38,64,20,2,14,4,58,68
412,2022-01-18T00:00:00,4,5,6,16,4,51,63,13,4,16,5,41,62,5,4,20,3,38,65,29,2,10,3,36,63,10,2,15,4,60,68
413,2022-01-18T00:00:00,5,6,6,16,4,51,63,8,4,15,5,43,62,1,4,18,3,38,65,19,2,8,3,35,62,9,2,15,5,61,68
414,2022-01-18T00:00:00,6,1,6,14,4,51,63,1,4,14,5,44,63,1,4,19,4,38,65,21,2,10,3,35,62,8,2,15,5,63,69
415,2022-01-18T00:00:00,7,1,6,14,5,52,64,1,4,14,6,44,63,1,4,20,5,38,65,19,2,13,3,35,61,3,2,15,6,64,69
416,2022-01-18T00:00:00,8,1,6,13,5,52,65,1,4,13,9,45,63,1,4,20,6,38,65,16,2,15,4,35,62,6,2,15,9,67,71
417,2022-01-18T00:00:00,9,2,6,16,6,54,65,4,4,16,12,45,64,2,4,22,8,38,66,14,2,17,5,35,61,3,2,20,11,68,71
418,2022-01-18T00:00:00,10,6,6,27,8,54,65,11,4,26,14,46,65,6,4,34,9,38,66,16,2,22,5,34,61,14,2,21,12,73,72
419,2022-01-18T00:00:00,11,13,6,35,9,54,65,21,4,31,15,48,65,16,4,39,11,39,66,26,2,21,5,34,60,29,2,21,13,76,72
420,2022-01-18T00:00:00,12,27,6,23,10,55,64,34,4,22,15,49,65,35,4,30,12,40,66,36,2,11,6,34,60,41,2,20,14,77,72
421,2022-01-18T00:00:00,13,35,4,19,10,57,65,42,4,10,15,49,65,39,4,15,12,40,66,43,2,11,6,34,59,47,4,10,13,77,72
422,2022-01-18T00:00:00,14,40,4,13,10,55,65,44,4,6,15,49,65,46,4,13,11,40,66,50,2,11,6,34,59,55,4,9,12,77,72
423,2022-01-18T00:00:00,15,41,4,14,9,57,64,49,4,6,15,49,65,48,4,14,9,39,68,47,2,10,6,33,59,59,4,7,11,77,71
424,2022-01-18T00:00:00,16,43,4,10,7,57,64,73,4,8,12,49,65,51,4,13,8,40,68,69,2,11,6,33,59,67,4,10,8,80,71
425,2022-01-18T00:00:00,17,42,4,14,5,57,65,59,4,9,8,49,65,44,4,16,6,40,68,65,2,11,5,33,59,78,4,11,5,81,71
426,2022-01-18T00:00:00,18,39,6,16,5,57,65,41,4,11,7,49,66,31,4,19,5,40,67,49,2,11,4,34,60,49,4,13,4,81,71
427,2022-01-18T00:00:00,19,19,6,26,4,57,66,31,6,17,6,49,66,25,4,21,4,40,67,35,2,12,5,34,60,40,4,17,4,83,71
428,2022-01-18T00:00:00,20,11,6,28,4,58,66,33,6,26,5,49,65,24,4,30,4,41,67,26,2,14,5,35,61,35,4,14,4,86,71
429,2022-01-18T00:00:00,21,18,6,24,5,61,67,24,8,18,5,49,65,14,4,27,5,41,68,26,2,16,5,36,62,27,4,14,4,87,71
430,2022-01-18T00:00:00,22,11,8,22,5,64,68,24,6,20,5,49,66,20,4,23,5,43,68,29,2,17,5,36,62,26,4,16,4,88,72
431,2022-01-18T00:00:00,23,14,8,24,5,70,69,18,6,18,5,51,66,14,4,28,5,44,69,30,2,24,5,38,63,21,4,16,4,90,72
432,2022-01-18T00:00:00,24,6,8,23,6,73,70,19,6,19,6,52,67,14,4,26,5,45,70,29,2,23,5,39,64,24,4,15,5,90,73
433,2022-01-19T00:00:00,1,7,8,19,6,77,71,16,8,23,6,54,68,12,4,22,6,46,71,29,2,17,5,39,64,26,4,18,5,91,73
434,2022-01-19T00:00:00,2,13,8,17,6,77,71,6,8,25,6,55,69,6,4,21,6,48,72,29,4,18,5,39,64,27,4,14,5,91,74
435,2022-01-19T00:00:00,3,14,8,18,6,78,71,2,8,24,6,58,70,4,4,20,6,49,73,29,4,17,5,40,64,21,4,14,5,90,74
436,2022-01-19T00:00:00,4,13,6,17,5,80,71,4,8,22,6,60,71,3,4,19,6,50,74,26,4,13,5,40,65,19,4,18,5,90,75
437,2022-01-19T00:00:00,5,8,6,15,5,80,71,6,8,18,6,61,73,8,4,16,5,50,74,22,4,9,5,40,65,16,4,17,5,90,76
438,2022-01-19T00:00:00,6,5,6,15,4,80,71,1,8,20,6,63,73,3,4,21,5,51,74,16,4,11,5,40,65,14,4,17,5,90,76
439,2022-01-19T00:00:00,7,1,6,16,4,80,71,1,8,17,7,63,74,1,4,21,6,51,75,1,4,14,5,40,65,11,4,19,6,90,77
440,2022-01-19T00:00:00,8,1,6,17,5,80,71,1,8,16,9,64,74,1,4,23,7,51,74,2,4,15,5,40,65,3,4,18,8,91,78
441,2022-01-19T00:00:00,9,3,6,18,5,80,71,4,8,18,12,65,75,1,4,26,8,51,74,7,4,19,5,41,65,3,4,20,10,90,78
442,2022-01-19T00:00:00,10,8,6,23,6,80,71,11,8,25,14,65,74,6,4,30,10,52,75,24,4,23,5,43,66,14,4,25,11,87,78
443,2022-01-19T00:00:00,11,17,6,27,7,78,70,23,8,28,15,64,74,16,4,32,10,54,75,31,4,22,6,43,67,32,4,22,12,87,78
444,2022-01-19T00:00:00,12,28,6,18,8,78,69,38,8,20,15,63,74,33,4,21,10,55,76,38,4,14,6,43,67,42,4,15,13,86,79
445,2022-01-19T00:00:00,13,35,6,16,8,80,68,51,8,15,15,61,73,42,4,16,10,55,76,46,4,10,6,43,67,55,4,12,12,87,78
446,2022-01-19T00:00:00,14,44,8,18,8,81,68,71,8,8,15,63,73,61,4,16,9,55,76,71,4,10,6,43,67,84,4,11,11,91,78
447,2022-01-19T00:00:00,15,47,8,17,8,81,69,67,8,6,14,64,75,84,4,15,8,57,76,98,4,10,6,43,67,88,4,9,10,93,79
448,2022-01-19T00:00:00,16,53,8,14,6,83,70,84,8,6,13,64,75,100,4,13,7,57,76,105,4,8,6,44,67,82,4,7,7,91,79
449,2022-01-19T00:00:00,17,50,8,19,5,84,71,80,8,10,9,64,75,71,4,14,5,57,76,86,4,7,5,44,67,53,4,8,5,91,79
450,2022-01-19T00:00:00,18,44,8,25,5,86,71,59,6,13,7,64,75,44,4,17,5,57,77,44,4,7,4,43,66,49,4,10,5,91,79
451,2022-01-19T00:00:00,19,29,8,27,5,87,72,39,6,20,6,65,75,30,4,20,5,58,78,36,4,10,4,43,66,45,4,11,5,91,79
452,2022-01-19T00:00:00,20,26,6,27,5,87,72,33,4,17,6,67,75,26,4,18,5,58,78,29,4,13,4,43,65,41,4,17,5,90,79
453,2022-01-19T00:00:00,21,18,6,22,5,88,72,23,4,25,6,67,76,18,4,29,5,58,78,30,4,21,4,43,65,34,4,19,5,88,80
454,2022-01-19T00:00:00,22,16,6,24,5,87,72,23,4,25,7,68,76,29,4,20,5,60,79,37,4,16,4,43,65,26,4,22,5,88,80
455,2022-01-19T00:00:00,23,23,6,21,5,88,72,20,4,22,7,68,77,21,4,24,5,58,79,34,4,12,4,43,65,22,4,23,5,91,80
456,2022-01-19T00:00:00,24,17,6,18,5,87,72,9,4,18,7,70,78,17,4,20,5,60,79,29,4,14,4,43,65,17,4,23,5,93,81
457,2022-01-20T00:00:00,1,17,6,18,5,84,72,15,4,19,7,70,78,14,4,16,5,58,79,24,4,11,4,43,65,9,4,19,6,94,81
458,2022-01-20T00:00:00,2,20,6,18,5,83,71,11,4,19,6,70,79,19,4,14,5,58,78,30,4,7,4,41,65,12,4,23,6,96,82
459,2022-01-20T00:00:00,3,14,8,16,4,80,71,8,4,17,6,70,79,12,4,18,5,58,78,25,4,11,4,43,65,11,4,15,6,97,81
460,2022-01-20T00:00:00,4,10,8,14,4,78,71,6,4,18,5,70,78,6,4,18,5,58,77,11,4,16,4,41,65,9,4,14,5,97,81
461,2022-01-20T00:00:00,5,6,8,17,3,78,72,4,4,20,5,70,77,8,4,18,4,58,77,16,4,15,4,43,65,8,4,18,6,97,81
462,2022-01-20T00:00:00,6,4,8,18,3,78,72,1,4,20,5,73,77,3,4,20,4,58,77,19,4,17,3,43,65,10,4,15,5,99,81
463,2022-01-20T00:00:00,7,1,8,16,3,81,72,1,4,21,5,77,67,1,4,20,4,60,78,16,4,22,3,43,65,7,4,17,6,100,80
464,2022-01-20T00:00:00,8,1,8,17,4,84,72,1,4,20,7,78,67,1,4,22,5,60,78,14,4,22,4,43,65,4,4,18,8,101,80
465,2022-01-20T00:00:00,9,3,8,20,5,86,73,3,4,24,10,80,67,3,4,24,8,60,79,11,4,19,4,43,64,9,4,24,11,102,81
466,2022-01-20T00:00:00,10,8,8,33,7,87,73,9,4,30,12,83,68,6,4,28,9,60,79,24,4,22,4,43,63,16,4,28,12,102,82
467,2022-01-20T00:00:00,11,17,8,26,8,88,74,21,4,31,14,84,69,16,4,27,10,60,79,31,4,19,4,41,63,28,4,25,13,103,82
468,2022-01-20T00:00:00,12,28,8,24,9,90,75,37,6,24,15,84,69,34,6,25,11,60,79,35,4,9,5,41,63,39,4,14,13,104,82
469,2022-01-20T00:00:00,13,38,8,15,9,90,75,46,6,12,15,86,70,46,6,18,11,61,80,43,4,10,5,41,62,46,4,13,13,104,82
470,2022-01-20T00:00:00,14,46,8,14,9,88,75,50,6,7,15,86,70,57,6,17,10,63,81,61,4,9,5,41,62,61,6,10,13,103,82
471,2022-01-20T00:00:00,15,65,8,15,8,90,75,71,6,8,15,86,69,73,6,21,9,63,81,69,4,8,4,43,62,73,6,9,11,103,82
472,2022-01-20T00:00:00,16,82,8,14,7,91,77,71,6,9,12,87,69,76,6,10,7,63,82,57,4,7,4,41,62,48,6,5,9,103,82
473,2022-01-20T00:00:00,17,90,8,14,5,93,77,53,6,10,9,87,70,49,6,10,5,63,82,51,4,6,3,41,61,51,6,7,6,103,82
474,2022-01-20T00:00:00,18,55,8,14,5,93,77,46,6,12,8,87,70,45,6,12,5,63,82,40,4,7,3,41,61,50,6,8,5,103,81
475,2022-01-20T00:00:00,19,35,8,13,4,93,75,41,6,16,7,87,70,42,6,16,4,63,81,39,4,7,3,41,61,50,6,10,4,103,81
476,2022-01-20T00:00:00,20,31,8,10,4,94,75,36,6,12,3,86,70,36,6,17,4,63,81,32,4,13,3,41,62,43,6,19,5,103,81
477,2022-01-20T00:00:00,21,20,8,13,4,93,74,20,6,13,3,86,70,21,6,15,4,63,81,32,4,12,3,41,62,29,6,16,5,103,81
478,2022-01-20T00:00:00,22,19,8,13,4,93,74,16,6,12,4,86,70,14,6,17,3,63,80,23,4,15,3,40,62,16,6,18,5,104,81
479,2022-01-20T00:00:00,23,21,8,16,4,90,74,14,6,15,4,86,70,12,6,17,3,63,81,12,4,16,4,41,62,14,6,21,5,103,81
480,2022-01-20T00:00:00,24,18,8,12,3,90,74,11,6,21,4,86,70,14,6,15,4,63,80,11,4,16,4,44,62,16,6,21,5,103,81
481,2022-01-21T00:00:00,1,,8,,3,88,74,,6,,4,86,71,,6,,4,63,80,6,4,11,4,44,62,,6,,5,103,81
482,2022-01-21T00:00:00,2,,8,,3,88,74,,6,,4,87,71,,6,,4,63,80,4,4,12,4,44,62,,6,,6,104,82
483,2022-01-21T00:00:00,3,,8,,,91,74,,6,,,88,71,,6,,,63,81,1,4,15,4,44,61,,6,,,104,82
484,2022-01-21T00:00:00,4,10,8,13,,91,74,14,6,16,,88,72,4,6,17,,63,82,8,4,16,4,44,62,25,6,15,,104,82
485,2022-01-21T00:00:00,5,7,8,13,,91,73,7,6,16,,87,72,8,6,16,,63,82,26,4,16,4,44,62,25,6,11,,104,82
486,2022-01-21T00:00:00,6,2,8,16,,90,74,4,6,17,,84,73,9,6,17,,63,81,22,4,16,4,44,62,20,6,7,,104,82
487,2022-01-21T00:00:00,7,1,8,19,,88,74,2,6,17,,80,73,9,6,19,,61,80,25,4,16,4,44,62,18,6,13,,103,82
488,2022-01-21T00:00:00,8,1,8,19,,87,75,2,6,16,,74,73,3,6,19,,60,79,24,4,17,5,44,62,14,6,12,,102,80
489,2022-01-21T00:00:00,9,5,8,19,7,87,75,5,6,19,6,71,72,5,6,17,5,57,78,26,4,17,5,43,62,16,6,12,4,101,79
490,2022-01-21T00:00:00,10,13,8,24,8,87,75,17,6,18,6,67,72,14,4,15,5,55,77,31,4,20,5,43,63,24,6,8,4,94,77
491,2022-01-21T00:00:00,11,22,6,23,7,83,75,24,6,16,6,64,69,21,4,14,5,52,75,31,4,12,5,43,63,26,6,5,4,88,75
492,2022-01-21T00:00:00,12,26,6,22,7,78,74,27,4,13,6,63,69,29,4,10,5,51,74,31,2,5,5,41,63,29,4,5,4,83,73
493,2022-01-21T00:00:00,13,31,6,14,7,77,73,32,4,7,6,63,68,32,4,5,5,50,71,32,2,3,5,41,62,34,4,4,5,81,71
494,2022-01-21T00:00:00,14,34,6,8,6,76,73,32,4,6,6,61,67,32,4,6,5,48,68,34,2,3,5,40,62,36,4,5,5,80,70
495,2022-01-21T00:00:00,15,29,6,8,6,74,71,32,2,7,5,63,67,30,4,4,4,48,66,33,2,3,4,40,61,34,4,5,5,80,69
496,2022-01-21T00:00:00,16,28,6,7,5,74,68,30,2,7,5,61,67,29,4,5,3,48,65,32,2,3,3,39,60,32,2,5,5,77,68
497,2022-01-21T00:00:00,17,23,6,9,4,74,66,30,2,10,5,63,66,29,4,5,3,46,64,32,2,3,3,39,59,33,2,6,4,77,67
498,2022-01-21T00:00:00,18,25,6,9,3,73,65,29,2,11,5,61,66,31,4,9,2,46,64,31,2,5,2,39,59,35,2,7,5,77,67
499,2022-01-21T00:00:00,19,20,6,11,3,70,65,29,2,15,5,61,66,30,4,12,2,45,63,29,2,7,2,38,58,33,2,10,5,76,66
500,2022-01-21T00:00:00,20,19,4,14,3,65,64,26,2,17,5,60,66,26,4,13,2,44,63,25,2,9,2,38,58,26,2,12,5,74,66
501,2022-01-21T00:00:00,21,16,4,18,3,65,64,22,4,18,5,58,66,25,4,12,2,44,62,24,2,9,2,38,58,28,2,15,5,73,65
502,2022-01-21T00:00:00,22,21,4,16,3,65,63,21,4,15,5,57,65,21,4,10,2,43,62,23,2,9,3,38,58,24,2,13,5,73,64
503,2022-01-21T00:00:00,23,16,4,18,3,65,63,17,4,14,5,54,65,19,2,13,3,40,61,21,2,11,3,36,58,20,2,9,5,71,63
504,2022-01-21T00:00:00,24,16,6,20,4,67,63,16,4,18,5,51,64,14,4,17,3,39,60,26,2,12,3,35,58,19,2,8,5,68,62
505,2022-01-22T00:00:00,1,18,8,20,4,67,63,14,6,15,5,49,64,7,4,20,3,38,60,23,2,19,3,33,57,14,2,8,5,64,61
506,2022-01-22T00:00:00,2,19,12,19,4,70,64,18,6,11,5,46,63,10,4,20,3,38,60,21,2,18,3,33,58,17,2,5,5,60,60
507,2022-01-22T00:00:00,3,17,12,17,4,71,65,17,8,15,5,44,62,20,6,9,3,38,60,26,2,4,3,34,59,19,2,5,4,57,59
508,2022-01-22T00:00:00,4,21,12,16,4,73,65,19,8,11,4,43,62,22,6,7,3,36,59,26,2,2,3,34,59,21,2,8,3,54,58
509,2022-01-22T00:00:00,5,18,12,14,3,74,64,16,8,9,3,41,62,19,6,10,2,34,58,22,2,3,2,33,58,14,2,9,2,52,57
510,2022-01-22T00:00:00,6,15,12,14,3,71,63,14,8,16,3,40,60,16,6,14,2,33,57,24,2,5,2,30,57,11,2,9,2,51,56
511,2022-01-22T00:00:00,7,13,12,13,2,70,62,5,8,16,3,39,59,6,6,16,3,31,55,18,2,7,2,29,56,14,2,11,2,51,55
512,2022-01-22T00:00:00,8,4,12,17,2,67,61,2,8,16,3,36,58,4,6,17,3,30,55,7,2,15,2,28,55,5,2,13,4,50,54
513,2022-01-22T00:00:00,9,9,12,17,3,63,59,9,8,17,5,36,57,11,6,13,4,30,55,16,2,9,1,28,54,6,2,15,5,49,54
514,2022-01-22T00:00:00,10,13,12,20,3,58,58,15,8,14,5,35,57,16,4,13,4,29,55,23,2,5,1,26,53,14,2,13,5,49,54
515,2022-01-22T00:00:00,11,18,12,15,3,58,57,26,8,13,5,35,57,23,4,12,4,29,55,29,2,6,2,25,51,25,2,7,5,49,54
516,2022-01-22T00:00:00,12,26,12,14,4,55,55,31,8,10,5,35,57,32,4,10,4,28,54,35,2,5,2,25,50,31,2,4,5,48,53
517,2022-01-22T00:00:00,13,37,12,13,4,54,55,36,8,8,5,34,56,39,4,9,4,28,54,42,2,5,2,25,50,36,2,4,5,48,54
518,2022-01-22T00:00:00,14,42,12,10,4,52,55,39,8,6,5,34,56,44,4,8,4,28,54,44,2,6,2,24,50,38,2,4,5,45,54
519,2022-01-22T00:00:00,15,44,12,10,4,52,56,40,8,6,5,34,56,44,4,8,4,26,54,46,2,6,3,24,50,38,2,4,5,45,54
520,2022-01-22T00:00:00,16,43,12,11,4,50,56,41,8,6,5,33,56,46,4,9,3,26,54,44,2,5,2,24,52,44,2,4,4,44,54
521,2022-01-22T00:00:00,17,41,12,13,4,49,57,40,8,8,5,31,56,44,4,10,2,26,55,44,2,5,2,24,52,45,2,6,3,41,54
522,2022-01-22T00:00:00,18,39,12,13,4,48,57,34,8,9,5,31,56,39,4,13,2,26,55,41,2,6,2,24,52,46,2,5,3,40,54
523,2022-01-22T00:00:00,19,28,12,12,4,48,57,31,8,10,5,31,56,34,4,13,3,26,55,38,2,7,3,25,53,44,2,6,3,39,54
524,2022-01-22T00:00:00,20,21,12,20,4,48,57,26,8,16,5,31,57,28,4,15,3,28,56,24,2,11,3,25,53,39,2,7,3,38,54
525,2022-01-22T00:00:00,21,19,12,16,4,49,58,20,8,20,5,31,57,24,4,20,3,28,56,21,2,15,3,25,53,33,2,13,3,38,54
526,2022-01-22T00:00:00,22,12,16,14,4,48,59,20,8,23,5,31,57,15,6,17,4,28,57,24,2,19,3,25,53,29,2,12,3,35,55
527,2022-01-22T00:00:00,23,14,18,15,4,48,59,18,8,24,5,33,57,11,8,15,4,29,57,20,4,17,4,26,53,19,2,24,3,35,55
528,2022-01-22T00:00:00,24,11,18,16,4,48,59,10,14,19,5,34,58,11,8,16,4,30,57,16,4,17,4,26,54,13,2,21,4,36,55
529,2022-01-23T00:00:00,1,8,16,16,4,48,59,9,18,18,5,35,57,9,8,18,4,30,58,13,2,17,5,26,54,6,2,21,5,38,56
530,2022-01-23T00:00:00,2,8,14,14,4,46,58,3,24,15,5,36,57,10,8,18,4,30,58,11,2,13,5,26,54,11,2,17,5,40,56
531,2022-01-23T00:00:00,3,6,18,13,4,48,57,1,32,14,5,38,57,8,10,16,4,30,58,9,2,16,5,25,53,9,2,15,5,40,56
532,2022-01-23T00:00:00,4,5,20,14,3,46,57,3,36,13,5,39,57,1,10,15,4,31,59,11,2,12,5,26,53,6,2,14,6,41,57
533,2022-01-23T00:00:00,5,5,24,13,3,48,59,4,40,13,5,41,58,1,14,15,4,34,61,14,4,12,5,28,54,6,2,14,6,43,59
534,2022-01-23T00:00:00,6,4,28,13,3,49,61,2,42,12,5,43,60,1,16,14,5,35,62,6,4,14,5,29,55,3,2,13,6,43,61
535,2022-01-23T00:00:00,7,1,30,11,4,50,61,2,44,11,5,44,61,1,16,15,5,35,62,4,4,15,5,29,56,1,2,12,6,44,62
536,2022-01-23T00:00:00,8,1,30,11,4,52,62,1,44,11,6,44,62,1,18,16,5,36,63,3,4,16,5,30,57,1,2,11,6,46,63
537,2022-01-23T00:00:00,9,3,32,14,5,55,63,6,44,11,7,45,63,2,20,19,6,38,65,7,6,16,5,31,58,4,4,13,7,48,63
538,2022-01-23T00:00:00,10,6,34,20,5,60,65,11,44,17,7,45,62,9,22,20,6,40,66,14,8,15,6,33,59,14,4,15,7,49,64
539,2022-01-23T00:00:00,11,17,36,23,6,65,68,23,46,17,8,46,63,19,24,20,7,41,67,29,8,15,6,35,61,26,4,20,7,49,65
540,2022-01-23T00:00:00,12,32,38,22,6,70,71,38,48,14,8,48,64,32,26,16,7,43,69,41,10,13,5,36,63,39,6,17,7,51,66
541,2022-01-23T00:00:00,13,50,38,19,6,77,73,55,48,7,8,50,66,46,26,11,6,45,71,50,10,9,5,39,65,49,6,10,7,54,68
542,2022-01-23T00:00:00,14,82,38,12,6,83,74,78,50,6,7,51,67,69,26,10,6,46,73,86,10,8,5,40,66,86,6,8,7,55,69
543,2022-01-23T00:00:00,15,90,40,10,6,86,74,84,50,5,7,52,67,103,28,8,6,48,74,107,10,7,5,41,68,98,6,6,6,54,70
544,2022-01-23T00:00:00,16,104,40,10,6,87,75,63,50,4,6,54,68,106,28,9,5,48,75,113,10,7,5,43,69,55,6,4,5,55,71
545,2022-01-23T00:00:00,17,104,40,12,5,86,76,73,50,7,5,54,69,76,28,8,5,49,75,103,10,6,5,44,69,42,6,4,5,55,71
546,2022-01-23T00:00:00,18,80,40,20,5,86,76,42,50,8,5,52,70,37,28,8,4,50,76,44,10,6,5,44,70,39,6,5,4,54,71
547,2022-01-23T00:00:00,19,46,40,18,5,86,77,30,50,10,5,52,70,34,28,9,3,50,76,30,10,7,4,44,70,42,6,6,3,54,70
548,2022-01-23T00:00:00,20,35,40,12,5,87,77,25,50,12,5,52,71,31,28,9,3,50,75,24,10,8,4,44,70,40,6,8,3,54,70
549,2022-01-23T00:00:00,21,26,40,15,5,87,77,20,50,15,4,52,71,24,28,10,3,49,75,26,10,12,4,44,69,34,6,10,3,54,69
550,2022-01-23T00:00:00,22,22,40,15,5,86,77,18,50,16,5,52,70,22,28,12,3,49,75,26,10,14,4,43,69,26,6,13,3,54,68
551,2022-01-23T00:00:00,23,18,40,17,5,84,76,23,50,14,4,52,70,23,26,16,3,49,75,26,10,12,3,43,68,26,6,11,3,54,68
552,2022-01-23T00:00:00,24,18,38,16,5,84,76,19,44,17,4,52,69,20,24,18,3,49,75,16,10,10,3,43,68,19,6,13,3,52,67
553,2022-01-24T00:00:00,1,22,36,16,5,81,75,24,38,15,4,51,70,9,22,20,3,49,75,16,10,13,4,41,67,21,6,10,3,51,66
554,2022-01-24T00:00:00,2,6,34,19,5,80,75,19,30,18,4,50,70,9,22,17,4,48,75,19,10,8,4,40,66,18,6,9,3,50,66
555,2022-01-24T00:00:00,3,9,34,18,4,80,75,19,22,17,4,49,70,7,22,17,4,48,74,24,10,6,4,40,65,19,6,7,3,50,65
556,2022-01-24T00:00:00,4,10,32,14,4,80,76,18,18,16,4,46,68,5,20,17,4,46,73,25,10,8,3,39,65,27,6,5,3,49,64
557,2022-01-24T00:00:00,5,4,30,15,4,80,75,18,14,15,4,46,68,1,18,18,4,45,72,12,10,10,3,39,64,18,6,8,3,48,63
558,2022-01-24T00:00:00,6,1,26,15,4,80,76,16,12,14,4,45,67,1,16,22,5,45,72,9,8,14,3,38,64,16,6,10,3,46,63
559,2022-01-24T00:00:00,7,1,26,16,5,81,75,11,12,17,5,45,66,1,16,21,6,45,71,6,8,15,3,36,63,16,6,13,3,46,62
560,2022-01-24T00:00:00,8,1,26,18,5,81,75,6,12,19,5,44,66,1,14,20,7,44,71,4,8,18,3,36,62,14,6,14,4,45,62
561,2022-01-24T00:00:00,9,3,24,22,7,83,75,11,12,20,6,44,66,4,12,21,8,44,70,16,8,15,4,35,61,16,6,12,5,46,61
562,2022-01-24T00:00:00,10,7,20,32,9,83,74,20,12,22,7,44,65,13,10,17,8,44,69,24,6,14,4,35,60,23,4,6,5,45,61
563,2022-01-24T00:00:00,11,16,18,22,9,83,72,29,10,15,7,43,65,24,8,11,8,43,68,26,4,9,5,35,59,28,4,3,5,45,61
564,2022-01-24T00:00:00,12,28,16,12,9,78,70,31,8,10,7,41,63,33,8,9,8,41,66,34,4,5,5,34,58,27,4,3,5,45,59
565,2022-01-24T00:00:00,13,31,16,5,9,74,68,34,8,7,7,40,61,35,6,7,7,39,65,38,4,5,5,33,56,30,4,3,5,43,57
566,2022-01-24T00:00:00,14,36,16,6,9,71,67,34,6,6,7,39,61,39,6,7,6,38,63,42,2,4,5,33,55,36,2,4,5,41,56
567,2022-01-24T00:00:00,15,27,16,6,8,70,65,36,6,7,6,39,59,37,6,6,5,38,62,34,2,3,5,31,53,37,2,4,5,44,55
568,2022-01-24T00:00:00,16,29,14,6,6,67,64,33,6,8,5,41,58,31,6,6,4,38,62,32,2,4,4,30,52,33,2,4,4,45,54
569,2022-01-24T00:00:00,17,25,14,8,4,67,63,29,6,8,5,43,58,26,6,7,3,38,61,29,2,3,3,30,49,29,2,5,4,45,54
570,2022-01-24T00:00:00,18,21,14,10,3,70,62,26,6,10,5,44,57,22,6,6,2,36,59,28,2,5,3,29,48,29,2,7,4,46,54
571,2022-01-24T00:00:00,19,16,14,12,2,71,61,26,6,10,5,45,57,21,6,8,2,36,59,26,2,6,2,28,48,28,2,8,5,48,54
572,2022-01-24T00:00:00,20,14,12,13,2,68,61,22,6,13,5,44,57,21,6,12,2,36,59,23,2,8,2,28,49,23,2,9,5,48,54
573,2022-01-24T00:00:00,21,16,12,10,2,65,60,19,6,16,5,44,57,18,6,11,2,36,59,19,2,10,2,26,49,23,2,9,5,49,54
574,2022-01-24T00:00:00,22,16,10,12,2,65,59,16,6,12,5,43,58,15,6,10,2,36,59,21,2,8,2,26,49,21,2,10,5,48,54
575,2022-01-24T00:00:00,23,14,8,14,2,65,58,10,6,15,5,43,57,16,6,9,2,35,59,18,2,8,2,28,50,19,2,8,5,48,54
576,2022-01-24T00:00:00,24,14,8,17,2,64,58,14,6,14,5,43,57,14,4,13,2,35,58,18,2,8,2,28,50,16,2,9,5,48,54
577,2022-01-25T00:00:00,1,15,6,13,2,64,58,11,6,13,4,41,57,12,4,14,2,34,57,19,2,11,3,28,51,17,2,5,5,48,54
578,2022-01-25T00:00:00,2,15,6,13,2,63,56,12,4,13,4,41,56,8,4,14,2,33,57,19,2,10,3,29,51,18,2,3,4,46,53
579,2022-01-25T00:00:00,3,15,6,11,2,61,56,16,4,13,3,41,55,9,4,14,2,34,57,20,2,10,3,28,51,16,2,4,4,46,52
580,2022-01-25T00:00:00,4,14,4,14,2,58,55,16,4,12,3,41,55,9,4,13,2,33,56,19,2,10,3,28,52,19,2,8,3,46,52
581,2022-01-25T00:00:00,5,10,4,14,2,58,55,10,4,12,2,41,55,6,4,12,2,31,55,14,2,10,3,28,51,14,2,11,3,46,52
582,2022-01-25T00:00:00,6,6,4,15,2,57,54,4,4,15,2,41,55,3,4,16,3,31,55,4,2,12,3,26,52,14,2,11,2,46,51
583,2022-01-25T00:00:00,7,1,4,13,3,57,53,1,4,16,4,40,55,2,4,16,4,31,55,10,2,10,3,26,52,8,2,13,2,46,51
584,2022-01-25T00:00:00,8,1,4,15,4,57,53,1,4,15,5,41,55,2,4,16,5,30,54,10,2,12,3,26,52,12,2,13,3,46,51
585,2022-01-25T00:00:00,9,2,4,20,6,57,52,2,4,18,7,41,56,4,4,18,6,30,54,9,2,11,4,25,52,11,2,15,5,46,51
586,2022-01-25T00:00:00,10,4,6,22,7,55,52,9,4,20,8,41,57,7,4,22,7,30,54,14,2,10,4,25,51,16,2,11,5,46,49
587,2022-01-25T00:00:00,11,14,6,22,8,52,53,19,4,15,9,41,56,14,4,23,8,30,54,18,2,6,4,25,48,22,2,6,5,46,48
588,2022-01-25T00:00:00,12,21,6,12,8,51,53,24,4,10,9,41,57,21,4,10,8,30,54,24,2,2,4,24,46,24,2,4,5,46,49
589,2022-01-25T00:00:00,13,25,6,10,8,51,53,28,4,8,10,40,56,29,4,6,8,30,54,30,2,4,3,24,44,29,2,4,5,45,49
590,2022-01-25T00:00:00,14,29,6,7,8,50,52,36,4,6,10,40,55,36,4,8,8,30,53,38,2,4,3,24,45,36,2,4,5,44,48
591,2022-01-25T00:00:00,15,26,6,4,7,49,53,44,4,6,9,38,55,40,4,7,7,30,54,41,2,4,3,24,44,45,2,4,5,43,46
592,2022-01-25T00:00:00,16,25,6,4,6,50,52,44,4,6,7,35,54,39,4,9,5,29,53,40,2,4,3,24,43,46,2,5,4,43,45
593,2022-01-25T00:00:00,17,24,6,5,4,49,53,44,4,7,5,34,55,34,4,10,5,29,53,34,2,3,2,24,42,39,2,5,4,41,45
594,2022-01-25T00:00:00,18,21,6,8,3,46,53,39,4,7,4,34,54,24,4,10,4,29,53,24,2,4,2,24,42,36,2,6,4,41,45
595,2022-01-25T00:00:00,19,17,6,11,2,45,53,27,4,10,4,60,54,16,4,11,3,29,53,18,2,7,2,24,41,33,2,7,4,43,45
596,2022-01-25T00:00:00,20,14,6,17,1,45,52,18,4,15,4,58,54,11,4,13,3,29,52,17,2,12,2,24,40,25,2,10,4,44,45
597,2022-01-25T00:00:00,21,14,6,17,2,46,52,14,4,18,5,61,54,12,4,17,3,29,52,17,2,15,3,24,40,21,2,11,5,44,43
598,2022-01-25T00:00:00,22,6,6,16,2,46,53,14,4,20,5,63,53,9,4,14,3,30,51,14,2,14,3,24,40,14,2,16,5,44,43
599,2022-01-25T00:00:00,23,1,6,17,3,49,53,10,4,22,5,67,54,6,4,20,4,30,51,14,2,14,3,24,40,11,2,14,5,43,44
600,2022-01-25T00:00:00,24,1,6,16,4,51,53,4,4,20,5,73,53,8,4,19,5,30,52,17,2,13,3,23,40,8,2,14,5,44,45
601,2022-01-26T00:00:00,1,5,6,15,5,55,52,7,4,16,6,76,54,4,4,16,5,30,52,18,2,12,4,23,40,7,2,13,4,44,45
602,2022-01-26T00:00:00,2,4,6,21,5,58,53,9,4,15,7,78,54,2,4,15,5,31,52,11,2,13,4,23,39,14,2,13,4,45,48
603,2022-01-26T00:00:00,3,4,6,17,6,61,53,8,4,13,7,81,54,4,4,15,5,31,52,11,2,11,4,23,40,9,2,11,4,46,49
604,2022-01-26T00:00:00,4,3,6,14,6,65,52,3,4,14,6,83,54,5,4,13,5,31,53,8,2,10,4,23,42,4,2,11,4,46,51
605,2022-01-26T00:00:00,5,1,6,14,7,68,52,1,4,13,6,83,54,3,4,14,5,31,53,10,2,15,4,24,42,6,2,10,4,48,52
606,2022-01-26T00:00:00,6,1,6,14,7,71,52,1,4,15,7,81,54,2,4,15,5,31,53,6,2,15,4,24,43,6,2,12,4,48,52
607,2022-01-26T00:00:00,7,1,6,13,7,73,52,1,4,13,8,83,55,2,4,18,5,33,53,2,2,16,4,25,43,4,2,12,5,49,53
608,2022-01-26T00:00:00,8,1,6,13,7,73,53,2,4,13,10,86,56,2,4,18,7,33,54,2,2,18,5,25,43,3,2,16,6,49,53
609,2022-01-26T00:00:00,9,2,6,21,8,73,54,4,4,19,12,87,56,5,4,18,7,33,55,9,2,12,5,26,44,4,2,18,8,51,53
610,2022-01-26T00:00:00,10,7,6,22,8,74,54,10,4,22,13,90,57,11,4,24,8,33,55,16,2,15,5,28,43,13,2,21,8,52,54
611,2022-01-26T00:00:00,11,17,6,23,9,76,53,21,4,14,13,93,58,19,4,29,8,33,55,22,2,14,5,29,45,22,2,20,8,54,54
612,2022-01-26T00:00:00,12,29,6,24,9,77,53,29,4,14,12,94,58,33,4,23,9,33,55,33,2,17,6,30,47,29,2,10,8,54,55
613,2022-01-26T00:00:00,13,41,6,17,9,76,54,36,4,8,12,96,58,44,4,15,9,35,56,45,2,14,6,31,49,34,2,4,8,54,55
614,2022-01-26T00:00:00,14,51,6,15,10,78,55,47,4,7,11,97,58,50,4,10,8,35,57,76,2,12,6,33,50,37,2,4,8,54,55
615,2022-01-26T00:00:00,15,86,6,13,9,80,56,69,4,7,10,97,58,59,4,8,7,35,56,98,2,10,6,33,51,40,2,4,7,57,55
616,2022-01-26T00:00:00,16,104,8,17,7,77,58,92,4,7,7,100,58,63,4,8,5,35,56,48,2,4,5,34,51,41,2,4,5,60,55
617,2022-01-26T00:00:00,17,107,8,15,5,78,59,90,4,10,5,101,59,43,4,9,5,36,57,46,2,5,5,34,49,41,2,5,4,63,55
618,2022-01-26T00:00:00,18,90,8,18,5,80,59,41,4,9,5,101,59,39,4,11,5,38,57,41,2,7,5,34,50,36,2,6,4,65,55
619,2022-01-26T00:00:00,19,36,8,11,5,81,59,23,4,11,5,102,59,27,4,11,4,38,57,31,2,8,4,39,56,37,2,6,4,67,55
620,2022-01-26T00:00:00,20,21,8,15,4,86,60,19,4,16,5,103,60,24,4,14,3,39,57,24,2,7,4,39,56,28,2,10,4,68,55
621,2022-01-26T00:00:00,21,19,8,20,4,87,61,14,4,21,5,103,60,20,4,17,3,39,58,21,2,19,4,38,56,22,2,12,4,68,55
622,2022-01-26T00:00:00,22,15,8,20,4,93,62,14,4,22,5,103,60,16,4,16,3,39,58,20,2,19,4,38,55,16,2,14,4,67,55
623,2022-01-26T00:00:00,23,7,8,19,4,93,63,11,4,22,5,102,60,11,4,20,3,39,58,18,2,16,4,36,55,14,2,16,4,67,55
624,2022-01-26T00:00:00,24,1,6,21,5,93,64,9,4,22,5,102,60,8,4,18,4,40,58,18,2,16,4,36,54,14,2,14,4,65,55
625,2022-01-27T00:00:00,1,,6,,5,94,65,,4,,5,102,59,,4,,4,39,58,,2,,5,36,54,,2,,4,65,55
626,2022-01-27T00:00:00,2,,6,,5,96,65,,4,,6,102,59,,4,,5,39,58,,2,,5,38,54,,2,,4,67,55
627,2022-01-27T00:00:00,3,,6,,,93,65,,4,,,102,59,,4,,,40,58,,2,,,38,55,,2,,,67,55
628,2022-01-27T00:00:00,4,2,6,13,,90,66,5,4,16,,102,59,6,4,16,,40,58,17,2,12,,38,55,11,2,12,,68,55
629,2022-01-27T00:00:00,5,1,6,15,,88,66,4,6,15,,102,60,5,4,15,,40,59,16,2,13,,39,56,9,2,10,,68,55
630,2022-01-27T00:00:00,6,1,6,14,,88,67,1,6,14,,103,60,4,4,17,,40,58,10,2,17,,39,57,5,2,13,,71,55
631,2022-01-27T00:00:00,7,1,6,15,,88,67,1,6,14,,103,61,2,4,18,,40,59,3,2,20,,40,57,6,2,14,,71,55
632,2022-01-27T00:00:00,8,1,8,16,,90,67,1,6,14,,103,60,3,4,18,,40,59,3,2,21,,40,57,4,2,15,,71,55
633,2022-01-27T00:00:00,9,2,8,19,9,94,67,5,6,18,12,103,60,6,4,20,11,40,58,15,2,13,5,40,58,7,2,21,9,70,55
634,2022-01-27T00:00:00,10,9,8,25,9,99,66,10,6,21,12,103,60,13,4,22,10,40,59,15,2,14,5,40,58,17,2,30,8,71,56
635,2022-01-27T00:00:00,11,21,8,27,9,101,65,22,6,15,11,103,59,24,4,21,10,41,59,27,2,15,5,41,59,24,4,21,8,70,55
636,2022-01-27T00:00:00,12,34,8,19,10,102,64,35,6,11,12,103,59,37,4,20,10,41,59,37,2,14,6,41,58,35,4,12,8,70,55
637,2022-01-27T00:00:00,13,44,8,9,10,104,64,44,6,9,12,103,60,47,4,16,10,41,59,47,2,13,6,43,58,42,4,8,8,71,55
638,2022-01-27T00:00:00,14,53,8,17,9,104,64,49,6,7,11,104,60,78,4,14,9,41,60,65,2,7,6,43,57,59,4,7,8,71,56
639,2022-01-27T00:00:00,15,61,10,15,9,104,65,78,6,8,10,104,60,92,4,13,7,43,61,73,2,6,5,41,56,84,4,8,8,71,56
640,2022-01-27T00:00:00,16,63,10,16,6,104,66,90,6,10,7,104,61,104,4,13,6,43,62,73,2,6,5,40,57,51,4,6,6,68,57
641,2022-01-27T00:00:00,17,59,8,14,5,104,66,82,6,12,5,103,61,71,4,12,5,43,62,53,2,6,5,40,57,44,4,7,5,65,57
642,2022-01-27T00:00:00,18,47,8,18,4,104,67,51,6,11,5,103,62,44,4,12,5,43,63,40,2,7,4,41,57,40,4,7,5,63,57
643,2022-01-27T00:00:00,19,27,10,18,5,103,67,29,6,15,5,103,62,26,4,12,5,43,63,28,4,10,4,40,58,34,4,9,5,63,57
644,2022-01-27T00:00:00,20,22,10,18,5,103,68,20,6,19,5,103,62,16,4,17,5,43,63,21,4,16,3,40,57,26,4,11,5,64,57
645,2022-01-27T00:00:00,21,19,8,23,5,104,67,16,8,21,5,103,62,14,4,18,5,41,63,19,4,15,4,40,57,18,4,15,5,64,57
646,2022-01-27T00:00:00,22,11,8,22,5,103,67,12,8,23,6,103,63,11,4,20,5,43,63,18,4,18,4,40,57,13,4,19,5,64,57
647,2022-01-27T00:00:00,23,6,8,22,5,103,66,12,8,22,7,103,63,7,4,23,5,43,64,18,4,18,4,40,58,10,4,19,5,65,57
648,2022-01-27T00:00:00,24,3,8,20,5,104,65,14,6,21,7,103,64,9,4,21,5,43,64,20,4,18,5,40,57,14,4,14,5,67,58
649,2022-01-28T00:00:00,1,6,8,20,5,104,65,4,6,21,8,103,65,9,4,20,6,44,65,21,4,15,5,40,57,14,4,19,5,68,58
650,2022-01-28T00:00:00,2,3,8,17,5,104,65,4,6,20,8,104,66,8,4,19,6,45,65,17,4,14,5,40,57,13,4,18,6,70,59
651,2022-01-28T00:00:00,3,4,8,17,5,104,66,4,6,19,8,105,68,2,4,18,7,45,65,15,4,14,5,40,57,13,4,16,6,70,59
652,2022-01-28T00:00:00,4,4,8,15,5,105,64,4,6,17,8,105,70,2,4,18,8,46,66,14,4,15,5,40,57,7,4,13,6,71,60
653,2022-01-28T00:00:00,5,3,8,16,5,105,65,2,6,17,8,105,69,5,4,16,8,48,67,13,4,14,5,40,57,5,4,16,6,73,61
654,2022-01-28T00:00:00,6,1,8,14,5,105,64,1,6,16,8,105,69,4,4,18,9,48,68,9,4,13,5,40,56,9,4,14,7,70,61
655,2022-01-28T00:00:00,7,1,8,14,5,105,63,1,6,17,8,106,71,2,4,17,9,49,68,11,4,14,5,40,56,1,4,15,9,73,62
656,2022-01-28T00:00:00,8,1,8,15,5,105,64,1,6,16,9,106,72,2,4,21,10,49,68,5,4,13,5,39,56,1,4,16,10,76,63
657,2022-01-28T00:00:00,9,3,8,20,6,103,63,4,6,18,11,105,73,4,4,24,11,50,69,8,4,19,6,39,56,7,4,20,12,77,64
658,2022-01-28T00:00:00,10,9,8,33,7,102,63,11,6,21,12,106,73,10,4,27,11,51,70,17,4,19,6,38,56,13,4,30,13,78,65
659,2022-01-28T00:00:00,11,19,8,28,8,101,65,31,6,16,13,107,74,25,4,23,11,52,71,26,4,16,6,38,56,28,4,25,14,81,67
660,2022-01-28T00:00:00,12,30,8,11,8,100,67,37,6,13,13,107,75,38,6,19,10,54,72,39,4,12,6,36,57,42,4,14,14,83,69
661,2022-01-28T00:00:00,13,38,8,10,9,96,67,39,6,6,13,107,75,51,6,17,10,55,73,49,4,15,6,35,57,49,4,8,13,86,70
662,2022-01-28T00:00:00,14,44,8,10,9,96,66,48,8,6,12,106,74,101,6,15,9,57,74,90,4,12,6,35,58,57,4,9,12,87,71
663,2022-01-28T00:00:00,15,47,10,9,8,96,66,48,10,6,11,106,74,100,6,9,7,58,75,104,4,12,6,36,59,100,4,10,10,87,72
664,2022-01-28T00:00:00,16,47,10,9,7,96,66,47,10,5,9,106,75,84,6,8,5,58,76,92,4,8,6,38,60,73,6,8,7,87,73
665,2022-01-28T00:00:00,17,39,10,9,5,96,65,41,10,6,7,106,76,69,8,9,5,58,76,67,6,7,5,39,61,55,6,7,5,90,73
666,2022-01-28T00:00:00,18,26,10,11,4,100,65,29,10,8,5,107,76,37,8,11,4,58,76,44,6,9,5,40,61,36,6,7,5,91,74
667,2022-01-28T00:00:00,19,18,10,10,3,105,66,16,10,8,5,117,76,19,8,9,3,63,76,22,6,8,4,41,62,23,6,7,4,93,74
668,2022-01-28T00:00:00,20,15,10,10,3,110,67,13,10,8,4,121,77,14,8,10,3,64,76,17,6,9,4,55,62,17,6,9,4,94,74
669,2022-01-28T00:00:00,21,15,10,9,3,109,67,16,10,10,4,121,76,11,8,10,3,67,76,16,6,9,4,63,63,11,6,11,4,97,74
670,2022-01-28T00:00:00,22,17,10,10,3,108,66,14,10,10,3,121,75,14,8,9,3,68,75,16,6,10,4,64,63,14,6,10,4,100,73
671,2022-01-28T00:00:00,23,14,10,8,3,107,66,14,10,8,3,120,74,15,8,10,2,68,74,16,6,9,4,64,62,16,6,9,3,99,72
672,2022-01-28T00:00:00,24,17,10,8,2,105,65,14,10,6,3,119,72,12,8,10,2,67,74,16,6,9,4,64,62,13,6,8,3,97,71
673,2022-01-29T00:00:00,1,19,10,10,2,104,65,16,10,6,3,117,71,11,8,7,2,65,75,15,6,8,4,64,61,12,6,9,3,96,70
674,2022-01-29T00:00:00,2,19,10,8,2,104,65,16,10,5,3,116,70,15,8,10,2,64,75,16,6,4,3,64,60,12,6,8,3,93,68
675,2022-01-29T00:00:00,3,21,10,9,1,103,64,19,10,6,3,114,68,17,8,11,2,65,75,17,6,3,3,64,59,13,6,9,3,91,67
676,2022-01-29T00:00:00,4,21,10,10,1,104,65,19,10,7,2,114,68,17,8,14,2,67,75,17,6,4,3,64,59,14,6,9,3,88,66
677,2022-01-29T00:00:00,5,20,10,12,1,104,64,19,10,6,2,113,66,17,8,14,1,64,73,17,6,4,3,63,59,14,6,11,2,87,66
678,2022-01-29T00:00:00,6,16,10,14,1,104,64,18,10,8,2,112,64,17,8,15,1,61,72,19,4,5,2,63,58,14,6,11,2,86,65
679,2022-01-29T00:00:00,7,13,10,17,1,104,64,13,10,10,2,111,63,14,8,16,1,60,71,16,4,7,2,63,58,13,6,13,2,83,66
680,2022-01-29T00:00:00,8,6,10,15,1,103,63,9,10,15,3,110,61,11,8,16,1,58,70,13,4,10,2,61,57,6,6,14,3,80,64
681,2022-01-29T00:00:00,9,7,10,15,2,103,64,10,8,13,3,108,59,13,8,15,2,54,67,14,4,9,3,61,57,7,6,13,4,78,62
682,2022-01-29T00:00:00,10,13,10,13,3,103,63,14,8,10,4,107,58,13,8,14,2,51,65,16,4,8,3,61,57,14,6,12,4,76,60
683,2022-01-29T00:00:00,11,17,10,15,3,102,62,20,8,10,5,104,58,16,8,18,3,49,62,21,4,11,3,60,57,21,6,14,4,74,57
684,2022-01-29T00:00:00,12,24,8,19,4,101,61,29,8,14,5,103,55,28,8,20,4,46,60,30,4,13,4,60,56,33,6,16,5,73,55
685,2022-01-29T00:00:00,13,37,8,19,5,102,63,41,8,11,5,103,54,45,8,18,5,46,59,44,4,11,4,58,55,44,4,12,5,73,56
686,2022-01-29T00:00:00,14,51,8,18,5,103,64,51,6,10,6,104,54,71,6,14,5,48,59,61,4,9,5,58,54,55,4,5,5,71,55
687,2022-01-29T00:00:00,15,69,8,17,5,103,64,76,6,9,6,104,51,105,6,12,5,48,59,84,4,8,5,58,54,76,4,5,5,73,55
688,2022-01-29T00:00:00,16,76,6,22,5,103,66,90,4,8,6,105,48,110,6,12,5,46,59,98,4,8,5,60,54,82,4,6,5,73,54
689,2022-01-29T00:00:00,17,63,6,17,5,103,67,76,4,11,7,105,48,98,4,17,5,48,59,101,2,13,5,60,54,57,4,6,4,73,53
690,2022-01-29T00:00:00,18,55,8,19,5,104,68,44,4,13,7,106,50,51,4,20,6,48,59,63,2,14,5,60,54,57,4,8,4,74,53
691,2022-01-29T00:00:00,19,36,12,18,5,99,68,36,4,15,7,78,52,36,4,17,5,45,58,41,2,14,5,61,55,46,4,10,4,73,53
692,2022-01-29T00:00:00,20,25,14,17,5,76,68,36,4,14,7,63,53,34,4,20,5,40,59,34,2,16,5,51,56,41,4,10,4,70,54
693,2022-01-29T00:00:00,21,18,14,14,5,73,69,30,4,11,7,61,54,28,6,20,5,41,61,33,4,14,5,41,56,31,4,11,4,68,55
694,2022-01-29T00:00:00,22,12,14,18,5,74,69,21,6,14,7,63,55,19,6,21,5,41,61,27,6,14,5,40,57,29,4,11,4,64,56
695,2022-01-29T00:00:00,23,7,16,19,5,76,70,16,6,20,7,65,55,13,8,20,5,43,62,26,6,16,5,41,57,25,4,15,4,63,56
696,2022-01-29T00:00:00,24,9,20,20,5,77,71,10,6,20,7,68,56,11,10,20,5,43,62,17,8,18,5,41,58,20,4,22,5,64,56
697,2022-01-30T00:00:00,1,5,22,19,5,77,71,1,6,23,7,73,57,5,10,19,5,43,62,24,10,19,5,43,59,20,4,21,5,64,57
698,2022-01-30T00:00:00,2,1,22,18,5,78,71,1,8,21,6,78,58,4,10,20,6,44,62,29,10,16,6,44,60,12,4,28,5,65,58
699,2022-01-30T00:00:00,3,5,24,17,6,81,73,2,8,18,7,84,60,2,12,19,7,44,62,29,10,12,6,44,61,9,4,17,5,67,59
700,2022-01-30T00:00:00,4,4,24,16,6,83,73,1,10,18,7,86,61,3,12,18,7,44,63,29,10,12,6,45,62,5,4,15,6,70,60
701,2022-01-30T00:00:00,5,1,24,15,7,83,73,9,10,16,8,90,62,6,12,17,7,46,64,29,10,10,6,45,64,8,2,15,6,73,60
702,2022-01-30T00:00:00,6,4,24,13,8,87,74,2,10,16,9,97,64,6,12,19,8,48,66,31,10,9,5,46,64,8,2,16,7,73,62
703,2022-01-30T00:00:00,7,1,24,14,8,90,75,1,10,16,10,101,64,4,12,17,9,50,67,29,12,12,5,46,65,10,2,15,9,74,63
704,2022-01-30T00:00:00,8,2,24,14,9,94,76,1,12,15,12,102,67,3,12,17,10,51,68,26,12,15,5,48,66,1,4,16,11,76,64
705,2022-01-30T00:00:00,9,6,24,15,10,100,76,8,12,16,14,103,68,9,12,26,10,52,69,28,12,11,5,49,66,6,4,20,12,77,66
706,2022-01-30T00:00:00,10,14,24,23,11,101,77,15,12,21,15,104,69,15,14,30,10,55,71,29,12,13,5,48,67,21,4,24,13,77,67
707,2022-01-30T00:00:00,11,24,24,21,11,102,78,36,12,16,15,105,71,30,14,27,10,58,74,34,12,14,5,48,68,36,4,19,14,78,68
708,2022-01-30T00:00:00,12,36,26,14,10,103,78,42,12,8,14,105,72,44,14,12,10,60,75,42,12,15,5,49,69,44,4,10,13,78,69
709,2022-01-30T00:00:00,13,43,26,8,9,102,77,50,12,7,13,105,72,51,14,8,9,60,75,51,12,10,5,50,69,48,4,6,12,76,68
710,2022-01-30T00:00:00,14,41,26,10,9,102,76,80,12,7,12,104,72,78,14,8,8,57,74,76,12,6,5,50,69,67,4,5,11,74,67
711,2022-01-30T00:00:00,15,38,24,5,7,102,75,101,12,6,11,103,73,96,14,8,7,55,72,67,12,5,5,48,68,78,4,6,9,73,67
712,2022-01-30T00:00:00,16,37,24,4,6,102,72,106,12,7,8,103,73,94,14,6,5,54,72,61,12,3,5,45,68,101,4,7,6,70,67
713,2022-01-30T00:00:00,17,35,24,4,5,102,70,104,12,7,6,102,73,49,14,5,5,52,71,44,12,3,4,45,67,103,4,6,5,67,67
714,2022-01-30T00:00:00,18,31,22,4,3,101,68,76,12,9,5,100,72,44,14,5,4,51,70,55,12,5,3,43,67,78,4,6,4,64,68
715,2022-01-30T00:00:00,19,23,18,8,2,96,66,38,12,12,5,96,71,43,14,15,3,50,70,40,12,8,3,41,66,49,4,6,3,63,68
716,2022-01-30T00:00:00,20,16,16,15,2,91,65,30,12,16,5,94,70,31,12,18,3,50,70,28,12,12,3,41,65,45,4,9,4,61,67
717,2022-01-30T00:00:00,21,17,16,23,3,91,63,26,12,19,5,96,70,23,10,14,3,49,69,25,10,11,3,40,64,35,4,10,4,63,67
718,2022-01-30T00:00:00,22,15,14,27,5,97,63,23,12,20,5,96,71,20,10,16,3,49,69,21,8,13,3,39,63,28,4,15,4,63,68
719,2022-01-30T00:00:00,23,7,12,27,5,100,63,18,12,24,5,94,71,19,8,20,4,49,70,23,6,15,3,38,62,29,4,17,5,63,68
720,2022-01-30T00:00:00,24,3,10,24,6,100,64,16,12,27,6,94,72,16,8,25,4,49,70,25,4,16,4,36,62,26,4,16,5,63,68
721,2022-01-31T00:00:00,1,4,8,20,7,100,64,8,12,25,8,97,73,20,8,17,4,50,70,26,4,17,5,36,61,19,4,14,5,64,68
722,2022-01-31T00:00:00,2,2,6,20,8,99,65,4,10,23,9,96,73,16,6,15,5,49,70,23,4,17,5,35,61,24,4,14,5,63,68
723,2022-01-31T00:00:00,3,6,6,18,8,97,64,3,8,22,9,96,73,19,6,15,5,48,69,23,2,16,5,34,59,21,4,13,5,63,68
724,2022-01-31T00:00:00,4,4,6,15,7,94,63,1,8,20,9,94,73,19,6,14,5,48,69,23,2,16,6,31,57,9,4,15,5,61,68
725,2022-01-31T00:00:00,5,8,6,15,6,91,63,1,8,19,9,93,72,22,6,13,5,45,68,21,2,14,6,31,56,13,4,15,5,61,67
726,2022-01-31T00:00:00,6,11,6,19,5,88,64,1,8,18,9,90,72,11,6,14,5,44,66,21,2,14,6,31,56,14,4,15,6,63,67
727,2022-01-31T00:00:00,7,1,4,17,5,86,65,1,8,18,10,88,72,10,6,16,5,41,65,19,2,14,6,31,56,4,4,16,7,64,66
728,2022-01-31T00:00:00,8,1,4,20,6,83,65,2,8,19,11,93,71,8,6,17,5,41,65,17,2,15,6,31,56,3,4,17,8,65,66
729,2022-01-31T00:00:00,9,2,4,23,8,80,66,4,8,23,13,100,72,14,4,18,6,43,65,20,2,17,6,31,56,6,4,23,11,67,65
730,2022-01-31T00:00:00,10,9,4,31,10,83,66,13,8,26,14,102,72,20,4,15,6,41,65,24,2,15,6,33,57,18,4,12,12,67,65
731,2022-01-31T00:00:00,11,22,4,21,11,88,65,21,6,22,13,103,72,23,4,7,6,39,62,24,2,3,5,31,56,27,4,7,12,67,64
732,2022-01-31T00:00:00,12,25,4,10,10,87,64,29,6,13,12,103,71,25,4,7,6,36,59,27,2,2,5,30,55,31,4,4,11,67,63
733,2022-01-31T00:00:00,13,27,4,8,10,88,64,34,6,9,12,103,71,29,4,10,6,35,58,30,2,2,5,30,53,31,4,4,11,65,62
734,2022-01-31T00:00:00,14,30,4,9,10,88,64,41,6,12,10,103,69,31,4,8,6,35,58,31,2,2,5,29,53,38,2,4,10,67,62
735,2022-01-31T00:00:00,15,31,4,6,8,87,64,42,6,8,9,103,70,33,4,4,5,35,57,30,2,3,4,29,52,37,2,5,9,68,62
736,2022-01-31T00:00:00,16,24,4,6,6,84,64,36,6,6,6,103,72,29,4,8,4,34,57,29,2,3,3,29,52,40,2,6,6,70,61
737,2022-01-31T00:00:00,17,24,4,5,4,81,64,24,6,7,5,103,72,26,4,8,3,34,56,28,2,3,2,30,51,42,2,5,5,73,60
738,2022-01-31T00:00:00,18,24,6,8,3,80,65,21,6,6,4,104,71,24,4,10,2,34,56,26,2,3,1,31,51,34,2,8,4,74,59
739,2022-01-31T00:00:00,19,18,6,10,2,81,65,17,4,11,3,104,72,21,4,11,3,34,56,24,2,5,1,31,51,24,2,10,4,76,59
740,2022-01-31T00:00:00,20,11,6,13,2,84,65,13,4,14,4,105,72,16,4,13,3,34,56,17,2,8,2,31,50,21,2,11,4,77,59
741,2022-01-31T00:00:00,21,11,6,11,2,83,65,11,4,17,5,104,71,16,4,12,3,33,55,13,2,13,2,30,49,13,2,14,4,76,59
742,2022-01-31T00:00:00,22,11,6,12,1,80,65,10,4,18,5,104,69,12,4,13,3,33,55,16,2,13,2,31,48,10,2,14,5,76,58
743,2022-01-31T00:00:00,23,11,6,12,2,77,64,14,4,17,5,103,69,11,4,11,4,31,54,16,2,14,3,31,48,9,2,14,5,77,58
744,2022-01-31T00:00:00,24,5,6,14,3,74,63,13,4,17,6,103,68,11,4,13,4,31,54,24,2,11,3,31,46,9,2,14,5,77,57
745,2022-01-02T00:00:00,1,7,6,15,3,73,62,6,4,16,6,102,67,15,4,13,4,30,53,26,2,15,3,31,46,8,2,15,5,78,57
746,2022-01-02T00:00:00,2,11,8,16,3,70,61,18,4,15,6,101,66,16,4,12,4,30,53,26,2,15,3,31,46,9,2,13,5,80,57
747,2022-01-02T00:00:00,3,12,8,10,3,68,61,16,4,14,6,99,66,10,4,13,4,30,52,25,2,14,4,31,45,9,2,11,5,78,56
748,2022-01-02T00:00:00,4,10,8,11,2,65,61,6,4,12,6,97,65,11,4,12,4,30,53,25,2,13,4,31,44,6,4,10,5,78,56
749,2022-01-02T00:00:00,5,6,8,14,2,64,61,4,4,13,6,96,65,7,4,11,4,30,54,23,2,11,4,31,44,5,4,13,5,77,55
750,2022-01-02T00:00:00,6,3,8,14,3,64,59,1,4,12,6,93,64,2,2,16,4,31,54,21,2,11,4,31,42,4,4,12,5,76,55
751,2022-01-02T00:00:00,7,2,8,17,4,64,57,1,4,12,6,91,63,2,4,16,5,31,54,18,2,11,4,31,41,3,4,13,5,76,56
752,2022-01-02T00:00:00,8,1,8,17,5,64,57,2,4,13,7,88,63,3,4,17,6,30,53,14,2,15,5,30,40,7,4,14,7,76,56
753,2022-01-02T00:00:00,9,2,8,23,7,65,56,4,4,21,11,84,62,4,4,19,8,30,53,19,2,15,5,30,39,4,4,18,9,74,56
754,2022-01-02T00:00:00,10,9,8,30,9,64,57,9,4,29,13,83,60,13,4,18,8,30,52,22,2,14,5,30,37,14,4,15,10,76,55
755,2022-01-02T00:00:00,11,21,8,22,10,57,57,20,4,20,13,80,61,20,4,11,9,30,52,22,2,9,5,30,36,22,4,10,10,76,55
756,2022-01-02T00:00:00,12,22,8,12,10,52,57,29,4,12,13,77,60,23,4,6,8,30,53,24,2,3,5,29,35,29,4,5,10,77,55
757,2022-01-02T00:00:00,13,26,8,10,10,52,57,33,4,7,12,77,59,26,4,8,8,30,53,26,2,2,5,28,35,32,4,4,10,77,55
758,2022-01-02T00:00:00,14,31,8,10,10,52,57,36,4,8,11,77,59,26,4,8,8,30,53,27,2,2,5,28,35,38,4,4,9,76,54
759,2022-01-02T00:00:00,15,36,8,9,9,51,56,39,4,9,10,77,58,26,4,6,7,31,53,27,2,2,5,28,35,41,4,4,8,74,54
760,2022-01-02T00:00:00,16,38,6,7,7,51,57,41,4,9,8,76,58,29,4,6,5,30,53,29,2,2,4,26,34,41,4,4,5,73,53
761,2022-01-02T00:00:00,17,32,6,7,5,51,57,42,4,9,5,74,59,31,4,6,3,30,53,31,2,3,3,26,34,44,4,6,4,71,53
762,2022-01-02T00:00:00,18,25,6,9,4,50,58,41,4,10,4,73,59,36,4,7,2,30,52,31,2,4,2,26,33,45,4,6,4,71,53
763,2022-01-02T00:00:00,19,24,6,20,4,50,57,27,4,12,4,73,55,26,4,8,1,31,53,24,2,10,2,26,33,35,4,8,4,70,53
764,2022-01-02T00:00:00,20,19,6,22,4,51,57,21,4,12,4,73,55,20,4,12,1,31,53,21,2,10,2,26,34,28,4,11,4,70,53
765,2022-01-02T00:00:00,21,19,6,22,5,54,58,19,4,15,4,76,56,19,2,10,1,31,53,19,2,10,2,26,34,22,4,15,5,70,54
766,2022-01-02T00:00:00,22,18,6,27,6,54,58,11,4,18,4,76,56,15,2,10,2,31,52,19,2,15,2,26,34,17,4,16,5,71,55
767,2022-01-02T00:00:00,23,14,6,25,7,57,59,10,4,21,4,76,56,11,2,17,2,31,52,19,2,13,2,26,34,14,4,14,5,71,55
768,2022-01-02T00:00:00,24,9,6,18,8,60,60,6,4,20,5,76,57,3,2,16,3,31,52,19,2,12,3,26,35,8,4,13,6,73,55
769,2022-02-02T00:00:00,1,,6,,9,61,61,,4,,5,80,56,,2,,3,33,52,14,2,5,3,26,35,,4,,6,73,55
770,2022-02-02T00:00:00,2,,6,,10,63,61,,4,,6,83,56,,2,,4,33,53,9,2,8,3,26,37,,4,,7,74,55
771,2022-02-02T00:00:00,3,,6,,,63,61,,4,,,84,55,,2,,,33,53,12,2,7,2,26,37,,4,,,76,55
772,2022-02-02T00:00:00,4,1,6,15,,67,61,10,4,13,,86,55,9,4,15,,33,52,12,2,11,2,26,37,12,4,10,,76,55
773,2022-02-02T00:00:00,5,1,6,16,,71,61,2,4,13,,88,56,6,4,15,,31,52,16,2,9,2,26,37,5,4,12,,77,55
774,2022-02-02T00:00:00,6,1,6,15,,74,61,1,4,14,,90,55,3,4,16,,31,52,6,2,14,2,26,38,6,4,12,,78,55
775,2022-02-02T00:00:00,7,1,6,17,,77,62,1,4,15,,91,55,2,4,16,,31,51,4,2,14,2,26,38,4,4,12,,77,54
776,2022-02-02T00:00:00,8,1,6,16,,78,63,1,4,16,,94,54,3,4,16,,31,51,5,2,15,3,28,39,4,4,15,,78,55
777,2022-02-02T00:00:00,9,2,4,19,10,80,63,4,4,17,13,94,54,5,4,21,9,31,51,17,2,15,5,28,40,7,4,23,15,78,55
778,2022-02-02T00:00:00,10,6,6,30,10,80,63,13,4,19,12,97,54,9,4,21,9,31,52,19,2,14,5,29,40,19,4,24,14,78,55
779,2022-02-02T00:00:00,11,17,4,29,10,86,63,24,4,24,11,101,52,21,4,21,9,33,53,24,2,11,5,29,40,24,4,14,12,77,56
780,2022-02-02T00:00:00,12,29,4,15,10,94,62,33,4,16,11,102,46,36,4,17,9,34,54,34,2,9,5,29,41,31,4,6,11,76,57
781,2022-02-02T00:00:00,13,39,4,15,10,94,62,42,4,13,11,103,48,41,4,11,8,35,55,40,2,6,5,30,43,36,4,3,10,76,57
782,2022-02-02T00:00:00,14,51,4,12,10,94,62,49,4,13,11,103,49,47,4,7,7,34,55,49,2,5,5,30,44,41,4,4,9,77,57
783,2022-02-02T00:00:00,15,84,4,11,9,93,63,61,4,12,9,104,48,65,4,9,6,34,55,57,2,5,5,30,45,43,4,3,8,80,58
784,2022-02-02T00:00:00,16,104,4,10,7,93,64,71,6,10,6,105,49,53,4,6,5,35,56,49,2,5,5,30,47,47,4,4,5,90,58
785,2022-02-02T00:00:00,17,90,4,11,5,93,64,39,6,7,5,105,51,41,4,7,4,38,56,36,2,6,4,31,48,45,4,5,4,97,59
786,2022-02-02T00:00:00,18,36,4,13,4,102,64,39,6,8,4,107,52,29,4,8,3,39,57,30,2,6,4,33,50,42,4,6,3,100,60
787,2022-02-02T00:00:00,19,29,4,16,4,104,66,29,6,11,4,109,53,22,4,10,3,39,57,26,2,9,3,34,51,33,4,6,4,101,60
788,2022-02-02T00:00:00,20,16,4,16,4,105,66,21,6,14,4,110,54,19,4,12,3,39,57,21,2,13,3,34,51,28,4,9,4,101,60
789,2022-02-02T00:00:00,21,12,6,18,4,106,66,16,6,17,5,110,54,16,4,13,3,39,57,21,2,13,3,34,51,22,4,10,4,101,59
790,2022-02-02T00:00:00,22,11,6,18,4,105,66,11,6,14,5,110,54,14,4,14,3,39,58,22,2,10,3,34,52,17,4,7,4,100,59
791,2022-02-02T00:00:00,23,9,6,17,4,105,65,9,6,15,5,110,54,14,4,12,3,39,57,20,2,14,3,34,52,16,4,9,3,100,59
792,2022-02-02T00:00:00,24,8,6,13,4,104,65,7,4,16,5,110,54,16,4,14,4,39,57,21,2,16,4,34,52,19,4,9,3,99,59
793,2022-03-02T00:00:00,1,11,6,12,4,104,64,10,4,12,5,109,54,12,4,13,3,38,57,21,2,15,4,35,52,15,4,10,3,96,59
794,2022-03-02T00:00:00,2,13,6,15,4,104,63,13,4,11,5,108,54,14,4,11,3,38,56,21,2,14,4,34,52,15,4,9,3,94,59
795,2022-03-02T00:00:00,3,11,6,15,3,103,63,12,4,10,4,107,54,11,4,13,3,38,56,21,2,13,5,34,52,16,4,6,3,91,59
796,2022-03-02T00:00:00,4,12,6,14,3,102,64,14,4,13,4,107,54,6,4,14,3,36,55,21,2,10,5,34,52,19,4,6,4,90,59
797,2022-03-02T00:00:00,5,4,6,13,3,101,64,9,4,13,3,107,53,4,4,14,3,35,55,16,2,7,4,33,52,16,4,9,4,90,58
798,2022-03-02T00:00:00,6,1,6,14,3,100,65,3,4,12,3,107,55,4,4,15,4,35,54,6,2,12,4,33,52,15,4,11,5,88,57
799,2022-03-02T00:00:00,7,1,6,15,4,99,65,3,4,15,3,107,54,3,4,16,5,35,55,4,2,13,4,31,51,11,4,13,6,87,57
800,2022-03-02T00:00:00,8,1,6,13,5,99,64,1,4,16,5,106,54,3,4,16,6,35,55,2,2,12,4,31,51,5,4,13,7,88,55
801,2022-03-02T00:00:00,9,2,6,18,6,97,63,4,4,19,6,105,54,4,4,17,7,35,54,8,2,15,5,31,49,6,4,18,8,87,55
802,2022-03-02T00:00:00,10,7,4,21,8,96,62,9,4,21,7,105,55,11,4,22,8,34,53,15,2,17,5,30,48,15,4,16,8,84,55
803,2022-03-02T00:00:00,11,16,4,19,8,93,62,19,4,17,8,103,57,18,4,25,9,34,53,22,2,11,5,30,48,21,4,14,7,83,54
804,2022-03-02T00:00:00,12,26,4,18,8,90,62,27,4,18,8,102,58,29,4,19,9,35,54,31,2,9,5,30,48,29,4,7,7,83,53
805,2022-03-02T00:00:00,13,31,4,15,8,91,63,33,4,12,8,102,58,36,4,9,8,35,54,36,2,7,5,30,48,29,4,3,6,81,53
806,2022-03-02T00:00:00,14,41,4,13,8,90,62,39,4,8,8,102,60,44,4,7,8,34,54,40,2,5,5,30,48,35,4,3,6,81,53
807,2022-03-02T00:00:00,15,46,4,7,7,90,62,44,4,7,8,102,61,46,4,6,6,34,53,45,2,4,5,29,47,33,4,3,5,78,52
808,2022-03-02T00:00:00,16,55,4,9,6,90,61,45,4,5,5,101,62,44,4,6,5,33,52,42,2,4,5,29,46,34,4,4,5,71,52
809,2022-03-02T00:00:00,17,53,4,7,4,88,60,38,4,8,5,99,59,38,4,7,4,31,52,36,2,4,4,28,46,39,4,5,3,63,51
810,2022-03-02T00:00:00,18,38,4,12,3,84,59,32,4,8,4,90,59,32,4,8,3,31,52,32,2,4,3,28,45,39,4,6,3,61,51
811,2022-03-02T00:00:00,19,19,4,8,3,80,58,27,4,11,4,90,61,26,4,8,2,31,52,26,2,6,3,28,45,34,4,7,3,60,50
812,2022-03-02T00:00:00,20,9,4,11,2,80,58,19,4,15,4,90,62,21,4,12,2,31,52,19,2,8,3,26,44,26,4,13,3,60,49
813,2022-03-02T00:00:00,21,12,4,14,2,77,57,14,4,19,5,88,62,12,4,15,2,30,52,17,2,9,3,26,44,22,4,14,4,60,49
814,2022-03-02T00:00:00,22,10,4,14,2,77,57,11,4,18,5,87,62,10,4,16,3,30,52,15,2,14,3,26,44,20,4,13,5,60,49
815,2022-03-02T00:00:00,23,9,4,15,2,77,56,9,4,20,5,87,62,9,4,14,3,30,52,17,2,16,3,26,43,16,4,13,5,61,48
816,2022-03-02T00:00:00,24,9,4,12,3,76,56,8,4,15,5,87,63,11,4,17,4,30,52,16,2,15,4,26,43,14,4,14,5,61,48
817,2022-04-02T00:00:00,1,4,4,14,3,76,55,9,4,16,5,87,63,6,4,16,4,31,52,11,2,14,4,26,43,16,4,12,5,61,48
818,2022-04-02T00:00:00,2,1,4,13,3,77,56,8,4,15,5,88,63,2,4,14,4,31,53,16,2,13,5,26,43,15,4,10,6,63,47
819,2022-04-02T00:00:00,3,1,4,13,3,77,55,6,4,14,5,90,63,2,4,14,5,31,53,11,2,11,5,26,41,15,4,9,6,63,46
820,2022-04-02T00:00:00,4,3,4,13,3,76,55,6,4,13,5,88,63,7,4,13,4,33,54,11,2,11,5,26,40,17,4,10,7,63,45
821,2022-04-02T00:00:00,5,1,4,13,3,74,54,4,4,13,5,88,64,9,4,11,4,34,54,9,2,10,5,25,40,5,4,11,7,63,45
822,2022-04-02T00:00:00,6,1,4,14,4,74,53,1,4,12,5,88,64,3,4,15,4,34,55,11,2,13,5,26,39,4,2,12,7,64,48
823,2022-04-02T00:00:00,7,1,4,12,5,76,52,1,4,13,7,91,64,2,4,16,5,33,54,5,2,14,5,26,39,3,2,12,8,64,52
824,2022-04-02T00:00:00,8,1,4,19,5,76,53,1,4,13,8,93,65,2,2,15,6,33,54,3,2,13,5,26,40,3,2,13,10,61,52
825,2022-04-02T00:00:00,9,3,4,19,6,76,53,4,4,16,10,94,65,4,2,17,7,33,54,8,2,13,5,26,40,4,2,18,11,63,53
826,2022-04-02T00:00:00,10,6,4,29,8,76,54,11,4,17,11,91,65,11,2,23,8,33,53,11,2,19,5,28,40,12,4,22,11,67,53
827,2022-04-02T00:00:00,11,17,4,30,9,76,53,19,4,19,11,91,63,20,2,29,8,33,53,20,2,15,5,28,40,19,4,14,11,68,54
828,2022-04-02T00:00:00,12,31,4,15,9,77,54,27,4,15,11,91,62,29,4,17,8,33,53,29,2,10,5,28,40,25,4,6,11,68,54
829,2022-04-02T00:00:00,13,34,4,19,9,76,53,31,4,7,10,90,61,36,4,10,8,31,53,35,2,8,5,29,39,29,4,3,11,70,54
830,2022-04-02T00:00:00,14,44,4,10,9,74,53,39,4,5,10,88,58,40,4,8,7,33,53,39,2,7,5,29,39,31,4,3,10,70,54
831,2022-04-02T00:00:00,15,53,4,11,8,74,54,47,4,5,8,88,57,36,4,6,6,33,53,41,2,5,5,30,40,30,4,3,8,70,54
832,2022-04-02T00:00:00,16,67,4,10,7,76,54,45,4,5,6,88,56,36,4,7,5,33,53,32,2,3,5,30,40,33,4,3,6,70,54
833,2022-04-02T00:00:00,17,63,4,10,5,77,54,34,4,6,5,88,55,33,4,8,4,31,53,31,2,5,4,30,39,32,4,4,4,70,54
834,2022-04-02T00:00:00,18,36,4,11,4,76,53,29,4,8,5,90,55,29,4,9,3,31,52,29,2,5,3,29,39,30,4,5,4,68,53
835,2022-04-02T00:00:00,19,25,4,15,3,74,54,24,4,10,5,83,52,25,4,7,3,30,52,24,2,7,3,29,37,28,4,8,4,68,53
836,2022-04-02T00:00:00,20,25,4,17,3,84,55,16,4,15,5,94,51,18,4,10,3,30,52,22,2,8,2,29,38,24,2,13,4,67,53
837,2022-04-02T00:00:00,21,22,4,21,4,84,56,19,4,14,5,100,52,20,4,15,2,30,52,28,2,10,2,29,38,18,2,13,4,68,52
838,2022-04-02T00:00:00,22,12,6,18,4,84,57,19,4,17,5,101,52,22,4,14,2,33,52,28,2,10,2,30,38,20,2,16,4,68,52
839,2022-04-02T00:00:00,23,11,8,19,4,86,58,16,4,14,5,102,52,17,4,17,3,33,52,25,2,13,3,31,40,17,2,17,4,70,53
840,2022-04-02T00:00:00,24,9,14,18,4,87,58,15,4,15,5,102,51,16,4,13,3,34,53,19,4,15,3,33,40,14,2,19,5,70,54
841,2022-05-02T00:00:00,1,12,18,17,4,88,59,15,8,17,5,102,52,13,4,16,3,34,53,19,4,13,3,34,41,13,2,18,5,71,54
842,2022-05-02T00:00:00,2,14,22,17,4,90,59,15,14,16,5,102,51,10,8,20,3,35,53,19,4,14,4,34,42,11,4,16,5,71,55
843,2022-05-02T00:00:00,3,15,24,14,5,91,60,9,18,19,5,102,52,19,10,18,3,36,54,11,4,15,4,35,44,9,4,18,5,73,55
844,2022-05-02T00:00:00,4,11,26,15,5,91,62,11,22,13,5,102,53,9,12,15,3,36,55,7,6,16,4,36,45,8,4,13,5,73,57
845,2022-05-02T00:00:00,5,4,32,13,5,90,64,10,28,12,4,102,54,4,12,16,3,36,55,6,8,15,5,38,47,8,4,11,4,73,58
846,2022-05-02T00:00:00,6,2,34,13,5,90,66,4,30,12,4,102,55,2,14,15,3,38,55,3,8,14,5,38,51,4,4,12,4,73,57
847,2022-05-02T00:00:00,7,1,36,13,5,90,68,2,32,11,4,102,56,2,16,13,4,39,57,3,10,12,5,39,52,3,6,13,4,74,56
848,2022-05-02T00:00:00,8,1,36,13,5,88,69,1,34,10,5,101,56,2,18,13,5,39,58,2,12,13,5,39,53,2,6,13,4,74,56
849,2022-05-02T00:00:00,9,3,38,14,5,87,71,4,36,11,5,99,56,4,20,14,5,40,59,10,14,13,5,39,54,6,8,12,5,73,56
850,2022-05-02T00:00:00,10,6,38,20,6,88,73,9,38,15,6,97,57,10,24,17,5,41,61,13,14,14,5,40,56,11,8,16,5,70,56
851,2022-05-02T00:00:00,11,10,40,27,7,90,76,16,40,19,7,97,58,19,26,21,6,44,63,21,16,15,6,41,57,21,10,19,5,71,57
852,2022-05-02T00:00:00,12,21,40,30,8,96,81,30,40,20,8,100,60,29,26,21,7,45,64,29,18,18,6,43,59,29,12,19,6,74,58
853,2022-05-02T00:00:00,13,36,42,24,8,101,85,38,42,13,8,102,62,37,28,21,7,48,66,40,18,18,6,44,61,39,12,14,6,77,61
854,2022-05-02T00:00:00,14,43,42,16,7,102,87,41,42,10,8,103,63,41,28,19,7,50,69,46,18,16,6,46,63,45,12,9,6,77,63
855,2022-05-02T00:00:00,15,44,42,12,7,102,87,39,42,9,8,104,65,46,28,13,7,51,70,50,18,15,6,49,64,43,12,8,6,77,64
856,2022-05-02T00:00:00,16,46,42,17,6,102,88,55,42,8,8,104,66,53,28,14,7,51,71,51,20,13,6,51,65,53,12,8,6,77,65
857,2022-05-02T00:00:00,17,46,42,18,5,102,88,49,42,9,8,105,67,59,28,12,6,52,72,49,20,9,6,52,66,59,14,6,5,76,66
858,2022-05-02T00:00:00,18,42,42,19,5,103,87,44,42,10,7,105,68,40,30,13,5,54,74,36,20,8,5,54,67,39,14,6,5,76,67
859,2022-05-02T00:00:00,19,38,42,13,5,104,87,30,42,14,7,105,68,31,30,18,5,55,74,30,20,11,5,55,67,35,14,9,5,74,67
860,2022-05-02T00:00:00,20,24,42,17,5,102,87,24,44,14,6,102,69,16,30,21,5,55,76,18,20,17,5,54,67,33,14,15,4,74,68
861,2022-05-02T00:00:00,21,19,42,21,5,101,88,23,44,13,6,97,69,19,30,18,5,57,77,19,20,18,5,54,68,24,14,16,4,73,68
862,2022-05-02T00:00:00,22,22,42,18,5,101,88,16,44,15,6,94,69,17,30,18,5,55,77,15,20,19,5,52,69,20,14,17,4,73,68
863,2022-05-02T00:00:00,23,16,42,19,5,100,88,13,44,17,6,93,69,14,30,20,5,54,77,14,20,19,5,52,69,13,14,20,5,73,68
864,2022-05-02T00:00:00,24,7,40,20,5,99,88,9,42,21,6,88,69,3,30,21,5,54,77,11,20,16,5,52,70,10,16,23,5,73,67
865,2022-06-02T00:00:00,1,4,36,20,6,97,88,2,38,20,7,88,69,2,30,20,5,54,77,19,18,10,5,52,70,13,16,22,5,73,68
866,2022-06-02T00:00:00,2,7,36,20,6,97,89,2,32,20,7,88,70,2,26,20,6,52,77,14,18,12,5,51,70,6,16,28,6,71,68
867,2022-06-02T00:00:00,3,4,32,17,6,97,89,1,30,20,8,93,70,5,24,19,7,52,77,17,18,15,5,51,70,13,14,18,6,71,70
868,2022-06-02T00:00:00,4,9,28,17,6,97,89,1,26,18,9,97,71,8,22,18,6,51,77,22,16,8,5,51,69,10,14,14,6,71,71
869,2022-06-02T00:00:00,5,10,24,15,6,99,87,10,20,16,9,100,72,4,22,16,7,51,77,20,14,6,5,51,69,18,14,12,6,71,70
870,2022-06-02T00:00:00,6,8,18,14,6,97,86,9,18,14,8,101,73,4,20,17,8,52,77,23,14,8,4,50,68,7,14,13,6,71,70
871,2022-06-02T00:00:00,7,4,16,14,6,97,85,2,16,14,9,102,72,2,18,16,9,52,77,22,12,12,4,50,68,3,14,14,6,70,70
872,2022-06-02T00:00:00,8,2,14,14,6,97,83,1,14,13,8,102,73,1,16,15,10,51,76,19,10,12,4,49,68,10,14,14,6,67,70
873,2022-06-02T00:00:00,9,4,12,18,7,97,81,6,12,16,9,102,74,6,14,21,10,51,75,21,10,14,4,49,67,11,12,18,6,65,69
874,2022-06-02T00:00:00,10,14,12,25,8,96,79,16,10,20,9,103,75,17,12,17,10,51,75,29,8,14,4,48,67,21,10,23,7,64,69
875,2022-06-02T00:00:00,11,31,10,23,7,93,77,30,8,20,8,103,74,29,10,18,10,50,74,36,6,8,4,46,66,33,10,16,7,61,68
876,2022-06-02T00:00:00,12,46,8,16,7,88,74,43,8,9,7,102,72,43,8,13,9,48,72,45,6,7,4,45,65,46,8,12,7,60,67
877,2022-06-02T00:00:00,13,57,8,9,6,81,72,49,6,7,7,101,71,49,6,6,8,46,71,55,6,6,4,43,64,71,8,9,7,57,66
878,2022-06-02T00:00:00,14,98,8,8,6,78,71,98,6,6,6,96,70,73,6,6,6,44,69,76,4,4,4,40,62,98,8,7,7,57,65
879,2022-06-02T00:00:00,15,88,8,7,6,78,71,104,6,6,6,94,70,94,6,8,5,44,69,90,4,5,4,39,61,105,8,6,6,57,65
880,2022-06-02T00:00:00,16,78,8,8,5,77,70,90,6,8,5,93,69,78,6,10,4,44,69,53,4,7,3,36,61,63,8,5,6,57,65
881,2022-06-02T00:00:00,17,67,6,9,4,77,70,49,6,7,5,91,68,55,6,10,3,45,70,49,4,10,3,36,61,53,8,7,5,57,65
882,2022-06-02T00:00:00,18,51,6,10,3,76,70,47,6,12,4,90,68,53,6,10,3,44,69,49,4,11,4,35,60,46,8,8,4,58,65
883,2022-06-02T00:00:00,19,32,6,10,3,78,70,39,6,11,4,91,69,45,6,11,2,44,69,47,4,10,4,36,61,44,6,10,5,58,65
884,2022-06-02T00:00:00,20,28,6,15,3,73,69,23,6,18,4,88,69,30,4,12,2,44,69,36,4,16,4,36,61,36,6,18,5,61,66
885,2022-06-02T00:00:00,21,25,6,15,3,71,69,20,6,26,5,88,69,17,4,18,3,43,68,20,4,16,5,36,61,29,6,26,5,63,66
886,2022-06-02T00:00:00,22,14,6,17,4,71,68,10,6,27,6,87,70,4,4,24,4,43,68,24,4,19,5,36,61,21,6,22,6,63,68
887,2022-06-02T00:00:00,23,9,6,16,4,71,68,6,6,25,7,88,70,6,4,23,5,43,68,26,4,15,5,36,61,19,6,18,7,63,68
888,2022-06-02T00:00:00,24,10,6,16,4,71,67,6,6,26,7,93,71,4,4,22,5,44,69,23,4,16,5,35,60,24,6,21,7,63,68
889,2022-07-02T00:00:00,1,9,6,18,4,71,67,4,6,25,8,96,72,7,4,21,6,44,69,31,4,14,4,35,60,21,6,15,7,63,68
890,2022-07-02T00:00:00,2,6,6,17,5,70,67,23,6,23,9,97,72,7,4,20,6,44,70,31,4,15,5,35,60,14,6,15,7,63,68
891,2022-07-02T00:00:00,3,6,6,15,5,70,66,21,6,19,10,96,72,3,4,20,7,44,70,29,4,11,5,35,60,26,6,11,6,63,69
892,2022-07-02T00:00:00,4,7,4,13,5,70,65,19,6,18,10,93,72,2,4,20,8,44,70,29,4,10,5,34,60,18,6,19,5,63,68
893,2022-07-02T00:00:00,5,9,4,13,5,68,66,7,6,17,9,91,70,1,4,20,8,44,70,26,4,9,5,34,60,16,6,19,5,63,68
894,2022-07-02T00:00:00,6,7,4,13,5,68,66,1,6,16,10,91,70,3,4,18,8,44,70,23,4,11,4,34,60,9,6,17,5,63,69
895,2022-07-02T00:00:00,7,2,4,13,5,68,66,1,6,16,10,88,70,5,4,17,8,44,70,21,4,12,4,34,60,4,6,16,5,63,71
896,2022-07-02T00:00:00,8,2,4,13,5,67,67,1,6,15,10,87,70,3,4,19,9,45,71,20,4,10,4,34,60,9,6,16,6,63,72
897,2022-07-02T00:00:00,9,6,4,17,5,67,67,6,6,19,10,86,70,5,4,25,11,45,72,21,4,14,4,34,60,6,6,20,8,63,74
898,2022-07-02T00:00:00,10,15,4,21,6,63,67,17,6,20,10,81,71,12,4,30,11,46,72,24,4,17,4,34,59,18,6,19,9,65,74
899,2022-07-02T00:00:00,11,28,4,18,6,61,67,28,4,12,9,77,72,22,4,25,11,46,73,29,4,13,4,33,60,31,6,13,9,67,74
900,2022-07-02T00:00:00,12,37,4,11,6,58,66,36,4,7,8,74,72,35,4,16,10,48,74,38,4,14,5,33,60,39,6,11,9,68,74
901,2022-07-02T00:00:00,13,41,4,10,6,55,66,43,4,4,7,73,72,47,4,12,9,48,74,49,4,12,5,33,60,46,6,7,9,68,73
902,2022-07-02T00:00:00,14,39,4,13,6,55,66,50,4,5,6,73,72,55,4,10,8,48,73,49,2,9,5,34,61,49,6,7,8,68,73
903,2022-07-02T00:00:00,15,34,4,16,6,54,67,39,4,10,5,74,71,43,4,11,6,48,73,44,2,8,5,34,61,38,6,7,7,68,72
904,2022-07-02T00:00:00,16,36,4,14,5,55,67,34,4,12,5,77,72,34,4,10,5,48,73,34,2,6,5,34,61,32,6,7,5,68,72
905,2022-07-02T00:00:00,17,28,4,13,5,55,67,30,4,10,4,78,72,30,4,9,4,46,72,25,2,8,4,34,61,31,4,7,4,67,72
906,2022-07-02T00:00:00,18,22,4,11,4,57,66,28,4,12,4,80,72,24,4,14,3,58,72,28,2,9,4,33,60,31,4,9,5,65,71
907,2022-07-02T00:00:00,19,16,4,15,4,55,66,21,4,11,4,80,71,26,4,13,2,57,71,27,2,10,4,33,60,26,4,9,5,63,71
908,2022-07-02T00:00:00,20,14,4,15,4,55,65,19,4,16,4,78,71,14,4,17,3,55,71,18,4,12,4,33,60,21,4,15,5,58,71
909,2022-07-02T00:00:00,21,14,4,15,4,57,66,15,4,15,5,78,71,13,4,20,3,55,72,14,6,12,4,33,60,17,4,17,5,58,71
910,2022-07-02T00:00:00,22,11,4,14,4,57,66,13,4,16,5,78,70,14,4,20,3,55,72,14,6,12,4,33,60,16,4,14,5,60,70
911,2022-07-02T00:00:00,23,10,6,14,4,55,66,11,4,15,5,76,70,9,4,15,3,55,73,11,8,11,4,33,60,10,4,17,5,60,69
912,2022-07-02T00:00:00,24,9,8,13,4,54,68,8,4,13,5,71,69,9,4,15,3,54,74,14,8,10,4,34,61,9,4,16,5,60,70
913,2022-08-02T00:00:00,1,4,10,9,4,54,68,1,4,,5,65,68,,4,,3,54,74,1,10,10,4,35,62,,4,,5,57,69
914,2022-08-02T00:00:00,2,3,10,9,4,54,69,4,4,,5,64,68,,4,,4,54,75,1,10,10,5,35,63,,4,,5,55,69
915,2022-08-02T00:00:00,3,4,12,8,3,57,70,9,4,,,61,67,,4,,,54,76,2,10,9,4,36,63,,4,,,55,69
916,2022-08-02T00:00:00,4,9,12,8,3,58,72,9,4,6,,58,67,4,6,11,,54,77,5,10,14,4,38,64,9,4,9,,55,69
917,2022-08-02T00:00:00,5,8,14,8,3,60,74,9,4,9,,55,66,4,8,10,,54,78,6,10,10,4,39,66,7,4,9,,55,69
918,2022-08-02T00:00:00,6,7,16,11,2,61,76,8,4,10,,52,64,2,10,10,,55,79,4,12,11,4,40,68,6,4,10,,57,68
919,2022-08-02T00:00:00,7,6,16,11,2,63,76,4,4,12,,52,63,1,10,12,,55,79,2,14,11,4,41,70,4,4,12,,58,66
920,2022-08-02T00:00:00,8,2,18,12,3,63,77,2,4,12,,51,62,1,12,12,,55,79,2,16,11,4,44,72,2,4,12,,58,65
921,2022-08-02T00:00:00,9,4,18,12,5,64,78,4,4,11,5,51,61,2,12,13,5,52,79,4,16,11,5,46,74,4,4,11,5,57,64
922,2022-08-02T00:00:00,10,6,20,13,5,64,79,10,4,11,5,49,59,6,14,15,5,50,78,7,16,14,5,49,76,11,4,15,5,55,64
923,2022-08-02T00:00:00,11,9,22,13,5,65,79,17,4,10,5,49,58,11,16,18,5,50,79,15,16,15,5,52,77,18,4,15,5,55,65
924,2022-08-02T00:00:00,12,15,22,18,6,65,80,28,6,12,6,50,59,21,16,21,5,50,79,24,16,19,6,57,79,26,4,14,5,55,66
925,2022-08-02T00:00:00,13,29,22,20,6,70,82,41,6,12,6,52,59,35,16,20,6,51,80,36,16,21,6,61,80,36,4,9,5,55,67
926,2022-08-02T00:00:00,14,42,24,23,7,74,85,44,6,11,7,57,61,43,16,17,6,52,81,39,16,19,6,65,82,38,4,6,5,55,68
927,2022-08-02T00:00:00,15,49,24,24,7,78,88,38,6,12,8,58,61,38,18,21,7,52,81,33,16,13,6,67,84,31,4,7,5,54,68
928,2022-08-02T00:00:00,16,41,26,16,7,80,91,30,6,10,7,60,62,34,18,16,6,54,83,36,18,17,7,67,84,35,4,12,5,54,67
929,2022-08-02T00:00:00,17,37,30,14,7,80,92,25,6,13,6,61,62,30,18,13,6,55,84,32,18,10,6,67,85,31,4,10,5,54,67
930,2022-08-02T00:00:00,18,29,34,14,6,81,92,21,6,15,6,60,62,27,18,17,5,57,85,28,18,5,5,65,86,31,4,13,5,55,67
931,2022-08-02T00:00:00,19,24,34,20,6,86,94,16,8,20,6,58,63,24,18,20,5,57,85,29,18,9,5,67,86,31,4,10,4,57,67
932,2022-08-02T00:00:00,20,15,36,20,6,87,95,15,8,15,6,58,62,14,20,21,4,58,85,26,16,11,5,67,85,27,4,15,4,58,66
933,2022-08-02T00:00:00,21,17,38,18,5,90,95,14,8,19,6,60,62,11,22,20,4,58,85,17,18,21,5,65,85,20,4,18,5,58,66
934,2022-08-02T00:00:00,22,6,40,22,5,91,95,4,10,19,6,61,63,8,22,23,4,60,86,14,18,20,5,65,85,16,4,19,5,57,66
935,2022-08-02T00:00:00,23,5,42,21,5,94,96,6,10,19,6,65,63,1,24,21,4,61,86,10,18,22,5,65,85,14,4,20,5,55,66
936,2022-08-02T00:00:00,24,7,42,18,5,96,96,7,10,18,7,73,64,1,24,21,5,61,85,4,18,19,5,64,86,14,4,20,5,55,66
937,2022-09-02T00:00:00,1,1,42,19,6,96,95,6,10,16,7,73,64,1,22,21,5,61,85,11,18,15,5,63,85,16,4,19,6,54,67
938,2022-09-02T00:00:00,2,1,40,17,5,99,96,10,10,15,7,73,64,1,22,19,5,61,85,13,16,13,5,61,84,11,4,16,6,54,66
939,2022-09-02T00:00:00,3,2,42,18,5,97,95,4,10,14,6,74,65,1,22,19,5,61,85,15,16,12,5,60,84,8,4,15,6,54,67
940,2022-09-02T00:00:00,4,2,44,15,6,96,93,1,10,15,6,76,65,1,20,17,5,61,84,19,14,11,5,58,83,6,4,15,6,52,67
941,2022-09-02T00:00:00,5,1,46,15,6,96,93,1,10,14,7,77,66,1,20,16,5,61,83,14,14,10,5,57,82,9,4,14,6,52,67
942,2022-09-02T00:00:00,6,1,46,14,7,94,91,1,10,14,7,80,68,1,18,15,6,61,81,9,12,12,5,55,79,4,6,14,6,52,68
943,2022-09-02T00:00:00,7,1,48,15,7,96,90,1,10,12,8,81,68,1,18,18,6,61,80,5,12,13,4,52,77,6,6,13,7,54,69
944,2022-09-02T00:00:00,8,1,48,15,9,101,89,1,10,12,11,86,69,1,16,20,6,61,78,6,10,14,4,50,75,5,6,13,8,57,70
945,2022-09-02T00:00:00,9,3,48,20,10,101,89,4,12,16,13,91,70,2,16,21,7,63,77,14,10,15,5,48,72,6,6,20,11,58,71
946,2022-09-02T00:00:00,10,6,48,36,11,102,88,11,12,19,14,93,70,10,16,21,8,64,76,21,8,16,5,45,70,13,6,20,12,57,71
947,2022-09-02T00:00:00,11,16,48,33,11,103,88,21,12,16,13,94,71,22,14,13,7,63,74,24,8,7,5,44,69,23,6,9,12,55,70
948,2022-09-02T00:00:00,12,27,48,26,11,104,87,31,12,9,13,96,71,30,14,8,8,61,72,30,8,3,5,41,66,30,4,5,12,54,68
949,2022-09-02T00:00:00,13,34,48,18,11,102,85,39,12,9,12,96,69,37,14,8,6,57,70,36,8,3,5,39,63,35,4,4,11,52,66
950,2022-09-02T00:00:00,14,43,46,12,11,100,82,44,10,10,12,96,68,46,12,7,5,57,68,42,8,4,5,36,61,43,4,4,10,52,64
951,2022-09-02T00:00:00,15,49,46,11,10,96,78,51,10,7,10,50,67,48,12,8,5,57,67,47,8,4,4,34,59,44,4,5,8,54,64
952,2022-09-02T00:00:00,16,55,46,10,7,94,75,57,10,8,7,49,66,44,12,9,5,57,66,48,8,5,4,33,58,37,4,5,5,52,64
953,2022-09-02T00:00:00,17,46,44,11,5,90,74,39,10,11,5,49,66,31,12,8,3,57,64,37,8,5,3,31,56,35,4,5,4,54,64
954,2022-09-02T00:00:00,18,34,40,12,4,87,73,31,10,13,4,50,66,28,12,8,2,57,64,29,8,5,2,31,55,31,4,6,2,54,64
955,2022-09-02T00:00:00,19,26,40,17,4,90,72,23,10,12,5,50,68,22,12,10,2,57,63,25,8,10,2,31,55,29,4,7,2,52,64
956,2022-09-02T00:00:00,20,17,38,18,3,88,71,17,8,17,5,50,68,16,10,13,2,57,62,24,8,9,2,33,55,26,4,10,5,52,64
957,2022-09-02T00:00:00,21,17,36,11,3,90,69,14,8,17,5,50,68,13,8,13,3,57,61,21,6,8,2,33,55,24,4,15,5,51,64
958,2022-09-02T00:00:00,22,21,36,13,3,88,67,12,8,18,5,94,68,13,8,16,3,54,60,21,6,10,3,31,54,21,4,13,6,49,63
959,2022-09-02T00:00:00,23,9,36,14,3,88,65,14,6,20,5,96,67,11,8,16,4,52,59,21,4,13,3,31,53,15,4,14,6,49,63
960,2022-09-02T00:00:00,24,11,34,16,3,90,64,11,6,19,5,91,67,9,6,16,4,51,58,18,4,10,3,31,51,11,4,15,5,50,62
961,2022-10-02T00:00:00,1,12,30,14,3,90,63,13,6,18,5,90,66,4,6,16,5,50,57,14,4,14,3,31,50,9,4,13,5,51,62
962,2022-10-02T00:00:00,2,4,26,15,3,87,60,4,6,17,5,91,66,3,6,16,5,50,56,14,4,13,3,30,48,11,4,15,6,52,61
963,2022-10-02T00:00:00,3,4,22,16,3,84,59,3,6,16,5,93,66,1,8,16,5,49,55,21,4,12,3,30,46,11,4,11,5,52,61
964,2022-10-02T00:00:00,4,7,18,14,3,81,59,6,8,15,5,94,65,1,8,16,5,48,53,22,2,11,3,30,44,14,4,12,5,54,60
965,2022-10-02T00:00:00,5,6,16,14,3,81,57,8,8,15,5,94,64,1,6,15,5,46,52,19,2,11,3,30,42,19,4,10,5,54,59
966,2022-10-02T00:00:00,6,3,14,15,4,78,56,4,8,13,5,94,67,1,6,17,6,44,51,16,2,11,3,29,40,16,4,12,5,54,58
967,2022-10-02T00:00:00,7,1,14,17,5,77,56,1,6,14,6,96,67,1,6,19,7,41,49,20,2,15,3,29,39,14,4,13,5,52,56
968,2022-10-02T00:00:00,8,1,12,19,8,71,56,1,6,15,8,97,68,1,6,22,11,40,48,14,2,14,4,29,39,11,4,17,6,52,54
969,2022-10-02T00:00:00,9,3,12,21,9,74,56,6,6,18,10,100,68,4,4,22,12,39,47,16,2,17,5,29,38,14,4,14,7,54,52
970,2022-10-02T00:00:00,10,8,12,25,10,73,57,16,22,18,11,102,68,10,4,20,13,38,46,21,2,24,5,29,38,20,4,7,6,54,50
971,2022-10-02T00:00:00,11,19,10,18,10,71,58,24,20,20,10,103,68,21,4,10,12,36,45,26,2,12,5,29,36,24,4,3,6,54,46
972,2022-10-02T00:00:00,12,26,10,13,10,70,58,26,20,10,10,104,67,26,4,7,12,36,45,27,2,7,6,29,36,25,4,3,6,52,45
973,2022-10-02T00:00:00,13,34,12,10,10,70,57,31,20,4,9,103,67,30,4,6,11,38,45,29,2,4,6,28,37,28,4,3,7,54,45
974,2022-10-02T00:00:00,14,37,12,7,9,70,56,35,18,5,9,103,66,33,4,8,10,38,42,33,2,5,6,28,37,33,4,3,6,52,45
975,2022-10-02T00:00:00,15,39,12,7,9,70,56,35,18,6,7,102,66,38,4,7,7,36,40,35,2,4,5,28,37,38,4,3,5,52,45
976,2022-10-02T00:00:00,16,44,12,8,5,68,56,34,18,6,5,102,65,39,4,8,5,35,40,37,2,5,5,28,36,34,4,4,4,52,44
977,2022-10-02T00:00:00,17,36,12,10,3,68,56,33,18,7,5,102,65,30,4,7,3,36,40,34,2,5,4,26,35,33,4,5,4,52,42
978,2022-10-02T00:00:00,18,30,12,10,2,73,55,29,18,7,4,102,65,26,4,7,2,36,39,30,2,5,2,26,35,29,4,5,4,52,41
979,2022-10-02T00:00:00,19,24,12,12,2,68,57,24,18,10,4,102,62,21,4,8,2,48,58,25,2,7,2,25,36,28,4,6,4,52,41
980,2022-10-02T00:00:00,20,16,12,12,2,68,57,21,18,13,4,102,61,16,4,13,3,46,58,22,2,7,2,25,36,26,4,10,4,52,40
981,2022-10-02T00:00:00,21,10,12,14,3,67,57,12,18,16,4,102,61,16,4,14,3,46,57,23,2,10,2,25,35,22,4,12,4,52,40
982,2022-10-02T00:00:00,22,12,10,17,3,70,56,11,16,15,5,102,60,15,4,15,4,46,57,22,2,12,3,25,35,21,4,11,4,52,41
983,2022-10-02T00:00:00,23,18,10,14,3,67,57,10,16,18,5,101,60,6,4,17,4,45,57,24,2,9,3,25,35,21,4,14,4,51,41
984,2022-10-02T00:00:00,24,11,10,14,3,64,56,12,16,18,5,101,60,6,4,18,5,45,57,22,2,17,3,26,35,19,4,12,4,50,40
985,2022-11-02T00:00:00,1,12,10,15,3,63,57,8,16,17,5,101,60,2,4,18,5,45,57,24,2,15,3,26,35,21,4,12,4,49,40
986,2022-11-02T00:00:00,2,21,8,15,3,64,56,8,10,17,4,101,59,13,4,17,5,45,58,25,2,15,3,25,35,20,4,5,4,48,36
987,2022-11-02T00:00:00,3,19,6,16,3,65,56,11,8,14,4,101,58,6,4,16,5,45,57,24,2,14,4,25,35,19,4,6,3,48,35
988,2022-11-02T00:00:00,4,16,6,17,3,65,56,8,8,13,4,101,58,4,4,16,5,45,57,23,2,13,4,25,35,15,4,7,3,46,34
989,2022-11-02T00:00:00,5,18,6,15,3,64,55,7,6,14,4,101,57,7,4,16,5,45,57,20,2,12,4,25,35,18,4,10,3,46,33
990,2022-11-02T00:00:00,6,10,6,21,4,65,55,4,6,16,4,101,53,2,4,17,6,44,56,22,2,12,4,25,35,16,2,12,5,46,33
991,2022-11-02T00:00:00,7,1,6,22,5,67,55,2,6,16,5,100,52,1,4,17,6,43,55,11,2,15,4,25,35,16,2,13,6,46,33
992,2022-11-02T00:00:00,8,3,6,21,8,65,56,1,6,17,6,99,49,1,4,17,8,41,54,5,2,16,4,25,34,14,2,15,8,46,32
993,2022-11-02T00:00:00,9,3,6,21,9,65,56,9,4,15,8,96,45,4,4,18,8,39,52,14,2,11,4,25,33,16,2,13,9,46,32
994,2022-11-02T00:00:00,10,9,6,20,10,63,55,18,4,20,9,96,40,12,4,15,7,38,50,22,2,14,4,25,31,21,2,11,9,46,31
995,2022-11-02T00:00:00,11,23,6,16,10,63,53,24,4,6,9,96,38,24,4,11,7,36,48,29,2,11,4,25,29,24,2,9,9,48,31
996,2022-11-02T00:00:00,12,28,6,16,10,63,53,29,4,5,8,90,38,33,4,8,7,36,48,31,2,6,4,25,29,31,2,5,9,48,31
997,2022-11-02T00:00:00,13,33,6,11,9,63,54,36,4,5,8,88,36,36,4,8,7,36,48,37,2,5,4,25,28,36,2,6,9,50,31
998,2022-11-02T00:00:00,14,38,6,4,8,63,53,39,4,5,8,88,36,36,4,4,6,36,49,39,2,3,4,26,27,41,2,5,8,54,30
999,2022-11-02T00:00:00,15,29,6,4,7,64,53,36,4,5,6,90,35,31,4,8,5,36,51,31,2,2,4,29,26,38,2,6,5,57,31
1000,2022-11-02T00:00:00,16,28,6,4,5,68,52,29,4,6,5,93,35,26,4,8,4,38,51,28,2,3,3,31,26,30,2,4,5,61,32
1001,2022-11-02T00:00:00,17,26,6,4,3,73,52,27,4,4,4,96,36,24,4,8,3,39,51,26,2,3,2,34,25,28,2,4,4,65,32
1002,2022-11-02T00:00:00,18,23,6,5,2,74,52,23,4,6,3,96,33,23,4,9,3,40,48,24,2,5,2,35,24,26,2,5,4,68,31
1003,2022-11-02T00:00:00,19,16,6,9,2,74,52,16,4,10,4,94,32,19,4,9,3,40,48,21,2,6,2,35,24,25,2,7,5,71,31
1004,2022-11-02T00:00:00,20,16,6,13,2,74,50,14,4,11,4,93,33,14,4,10,3,40,48,25,2,7,2,35,23,21,2,8,5,73,31
1005,2022-11-02T00:00:00,21,17,6,11,2,76,49,13,4,14,4,94,33,9,4,13,3,39,46,24,2,7,2,34,23,20,2,8,5,73,31
1006,2022-11-02T00:00:00,22,15,4,15,2,76,50,10,4,17,5,97,33,15,4,16,4,38,45,26,2,12,2,34,22,20,2,7,5,73,30
1007,2022-11-02T00:00:00,23,11,4,16,3,74,47,13,4,16,5,100,33,14,4,13,4,38,43,30,2,16,2,34,23,24,2,8,5,71,30
1008,2022-11-02T00:00:00,24,11,4,18,3,71,47,11,4,16,5,49,31,19,4,13,4,39,40,24,2,16,2,33,22,25,2,8,4,71,29
1009,2022-12-02T00:00:00,1,11,4,18,3,71,46,9,4,17,5,46,30,16,4,12,4,39,37,12,2,18,2,33,22,25,2,8,4,71,29
1010,2022-12-02T00:00:00,2,9,4,17,4,73,45,9,4,19,5,46,30,14,2,17,4,38,34,24,2,13,3,33,23,24,2,8,3,71,28
1011,2022-12-02T00:00:00,3,11,4,15,4,74,46,12,4,18,5,46,30,9,2,18,4,36,32,29,2,13,3,33,22,24,2,8,3,71,28
1012,2022-12-02T00:00:00,4,13,4,15,4,76,45,15,4,17,5,46,30,9,2,17,4,36,33,23,2,9,3,33,21,24,2,11,2,70,28
1013,2022-12-02T00:00:00,5,16,4,16,5,76,45,9,4,16,5,48,31,2,2,19,5,38,33,24,2,13,4,33,20,25,2,12,2,70,27
1014,2022-12-02T00:00:00,6,7,4,17,5,77,44,4,4,19,5,48,32,3,2,18,5,38,31,20,2,12,3,33,20,22,2,13,2,70,27
1015,2022-12-02T00:00:00,7,2,4,18,5,77,42,1,4,19,5,48,32,1,2,20,5,39,30,30,2,10,3,31,20,19,2,16,2,67,26
1016,2022-12-02T00:00:00,8,2,4,18,5,76,39,1,2,20,5,48,32,1,2,19,6,38,28,24,2,13,3,31,21,12,2,17,3,67,28
1017,2022-12-02T00:00:00,9,6,4,18,6,77,37,4,4,20,6,49,26,5,2,20,8,36,28,26,2,15,3,31,20,9,2,19,4,65,30
1018,2022-12-02T00:00:00,10,10,4,25,7,76,38,14,4,22,7,49,26,11,2,19,9,36,26,30,2,18,4,30,21,12,2,16,5,65,30
1019,2022-12-02T00:00:00,11,15,4,23,7,73,40,21,4,18,8,49,26,17,2,14,9,36,25,29,2,13,4,30,21,24,2,10,5,67,32
1020,2022-12-02T00:00:00,12,21,4,22,8,74,40,28,4,12,8,49,25,19,2,13,8,35,25,29,2,9,4,29,22,29,2,9,5,67,31
1021,2022-12-02T00:00:00,13,26,4,15,8,77,41,27,4,11,8,46,24,28,2,10,8,36,26,31,2,7,4,28,22,34,2,8,5,64,32
1022,2022-12-02T00:00:00,14,29,4,8,8,80,43,32,4,7,7,45,24,31,2,10,7,36,26,34,2,5,4,26,22,40,2,8,5,60,31
1023,2022-12-02T00:00:00,15,29,6,7,7,77,43,37,4,7,7,43,24,33,2,8,6,36,27,36,2,5,4,24,22,37,2,8,5,57,31
1024,2022-12-02T00:00:00,16,26,6,9,5,73,45,31,4,8,5,39,24,34,2,11,5,34,28,35,2,6,3,23,23,41,2,9,5,54,31
1025,2022-12-02T00:00:00,17,24,8,14,5,68,47,26,4,12,5,35,24,32,2,9,5,31,27,34,2,6,3,20,22,37,2,9,4,51,30
1026,2022-12-02T00:00:00,18,23,8,14,4,65,49,22,6,12,5,34,24,23,4,20,4,29,27,29,2,6,2,18,23,35,4,12,4,49,31
1027,2022-12-02T00:00:00,19,19,8,13,3,64,50,21,6,11,5,31,25,16,4,20,5,29,28,18,2,15,2,16,24,26,4,12,4,46,31
1028,2022-12-02T00:00:00,20,23,8,12,3,63,51,21,6,14,6,33,26,14,4,16,5,29,30,19,4,19,3,16,25,20,4,16,5,45,32
1029,2022-12-02T00:00:00,21,21,8,9,3,65,53,21,6,10,6,33,28,24,4,10,5,30,30,24,4,12,3,18,27,22,4,14,5,46,33
1030,2022-12-02T00:00:00,22,21,10,9,3,77,53,21,6,10,5,34,29,25,4,8,5,31,31,27,4,8,3,20,29,20,4,18,5,46,34
1031,2022-12-02T00:00:00,23,18,10,9,3,80,53,21,6,8,5,35,32,25,6,10,5,33,33,25,4,10,3,21,30,24,4,10,5,49,37
1032,2022-12-02T00:00:00,24,19,10,7,3,78,53,20,6,5,5,35,35,22,6,7,5,34,37,22,4,8,3,25,32,19,4,7,5,51,40
1033,2022-02-13T00:00:00,1,19,10,10,3,77,54,19,6,6,4,36,36,17,6,9,4,34,38,26,4,7,3,26,33,21,4,6,5,54,43
1034,2022-02-13T00:00:00,2,20,8,8,3,78,55,22,6,5,3,38,37,16,6,8,3,35,41,26,4,7,3,26,35,21,4,6,5,65,43
1035,2022-02-13T00:00:00,3,19,8,11,2,77,55,21,6,5,2,36,37,19,6,10,2,36,43,27,4,5,3,26,37,19,4,13,5,64,44
1036,2022-02-13T00:00:00,4,20,8,12,2,77,55,20,6,6,2,36,36,21,6,10,2,38,42,28,4,3,3,26,39,19,4,11,5,61,45
1037,2022-02-13T00:00:00,5,20,8,9,2,77,56,22,6,4,1,36,38,18,6,10,2,38,43,28,4,3,2,28,39,20,4,12,4,61,47
1038,2022-02-13T00:00:00,6,19,8,7,1,76,56,23,6,4,1,36,37,16,6,11,2,36,44,26,4,4,2,28,41,20,4,11,3,60,49
1039,2022-02-13T00:00:00,7,17,8,8,1,74,57,18,6,5,1,36,37,16,4,9,2,38,45,24,4,7,2,29,41,16,4,13,3,61,50
1040,2022-02-13T00:00:00,8,17,8,7,1,74,57,17,6,7,1,35,37,14,4,9,2,38,46,22,4,9,2,29,43,13,4,12,4,61,51
1041,2022-02-13T00:00:00,9,20,8,10,1,68,56,19,4,8,1,34,35,12,4,10,2,36,46,19,4,8,2,30,44,12,4,11,5,61,51
1042,2022-02-13T00:00:00,10,25,8,9,2,64,55,21,4,7,2,31,34,16,4,9,3,35,47,21,4,8,2,30,45,18,4,8,5,60,48
1043,2022-02-13T00:00:00,11,29,8,8,2,63,54,25,4,7,2,31,33,21,4,10,3,35,47,25,4,5,3,30,44,26,4,8,5,58,46
1044,2022-02-13T00:00:00,12,33,8,8,2,60,53,33,4,7,3,31,34,30,4,10,4,35,49,31,4,5,3,30,45,34,4,9,5,55,46
1045,2022-02-13T00:00:00,13,39,8,7,2,57,53,44,4,6,3,31,35,41,4,10,4,35,51,39,4,7,3,30,46,43,4,10,5,55,49
1046,2022-02-13T00:00:00,14,44,8,9,2,54,54,49,4,7,3,33,35,45,4,13,4,36,52,47,4,8,3,31,48,49,4,11,5,55,51
1047,2022-02-13T00:00:00,15,51,6,9,2,54,55,48,4,12,4,33,37,47,4,15,4,38,53,53,4,9,3,31,49,49,4,14,5,55,53
1048,2022-02-13T00:00:00,16,45,6,8,3,55,55,49,4,18,5,34,39,49,4,11,5,38,55,69,4,9,4,31,50,63,4,16,5,54,54
1049,2022-02-13T00:00:00,17,39,4,12,3,54,56,44,4,17,5,35,43,57,4,14,5,39,56,71,4,8,4,31,52,46,4,18,5,54,55
1050,2022-02-13T00:00:00,18,31,6,11,3,55,56,42,4,14,5,35,46,46,4,15,5,40,58,49,4,10,4,33,52,49,4,20,5,54,56
1051,2022-02-13T00:00:00,19,25,10,13,3,55,56,24,2,13,5,35,48,34,6,17,5,41,59,39,6,19,5,34,54,38,4,18,5,54,57
1052,2022-02-13T00:00:00,20,21,12,11,4,55,56,19,2,10,5,36,49,17,6,14,5,41,59,30,8,15,5,35,54,21,4,13,5,54,58
1053,2022-02-13T00:00:00,21,22,14,10,4,54,55,15,2,10,5,36,49,17,8,13,5,41,59,24,10,13,5,35,55,16,4,11,5,52,59
1054,2022-02-13T00:00:00,22,16,18,11,4,48,55,16,2,10,5,38,49,15,10,12,5,41,59,20,12,12,5,35,55,16,4,11,5,52,58
1055,2022-02-13T00:00:00,23,12,22,14,4,48,56,15,2,10,5,36,47,11,12,13,5,41,59,18,16,11,5,34,56,10,4,13,5,51,58
1056,2022-02-13T00:00:00,24,14,24,13,4,48,56,16,2,10,5,36,45,16,14,15,5,41,59,20,18,9,5,34,56,14,6,15,5,50,58
1057,2022-02-14T00:00:00,1,7,24,8,4,46,56,9,2,,5,35,44,4,14,15,5,41,59,,18,,5,34,56,,6,,5,49,58
1058,2022-02-14T00:00:00,2,8,26,7,4,46,56,4,2,,5,35,43,6,14,12,5,43,60,,18,,5,34,56,,6,,5,48,58
1059,2022-02-14T00:00:00,3,9,26,6,3,46,56,1,2,,,35,51,4,14,13,2,43,61,,20,,,34,57,,6,,,46,58
1060,2022-02-14T00:00:00,4,11,26,15,3,48,57,9,8,13,,35,52,8,16,13,2,44,62,9,20,12,,35,57,7,6,11,,48,58
1061,2022-02-14T00:00:00,5,7,28,15,3,48,57,7,14,12,,35,53,6,16,15,2,45,64,8,20,11,,35,57,6,6,11,,48,59
1062,2022-02-14T00:00:00,6,3,30,13,3,50,59,3,20,13,,36,53,3,18,14,3,46,65,6,20,12,,36,57,1,6,14,,49,59
1063,2022-02-14T00:00:00,7,2,32,14,3,51,60,1,26,13,,38,54,1,20,15,3,48,66,4,20,13,,36,58,1,6,13,,50,59
1064,2022-02-14T00:00:00,8,2,38,14,4,54,62,3,32,14,,39,54,1,20,16,4,48,67,4,22,14,,38,58,1,6,13,,51,60
1065,2022-02-14T00:00:00,9,6,42,16,9,57,63,6,44,15,9,41,55,4,24,20,7,49,67,8,22,15,5,38,59,5,8,14,7,54,61
1066,2022-02-14T00:00:00,10,8,44,22,9,60,65,12,52,15,9,43,56,9,26,17,7,50,68,18,22,17,5,39,60,11,12,14,7,58,62
1067,2022-02-14T00:00:00,11,13,46,23,9,63,67,19,53,16,10,45,58,19,26,19,7,50,69,28,24,19,6,41,62,20,14,17,7,61,64
1068,2022-02-14T00:00:00,12,27,50,27,10,65,69,34,54,19,10,48,59,33,28,20,8,52,70,39,24,13,6,44,63,36,14,18,8,65,65
1069,2022-02-14T00:00:00,13,41,51,21,11,68,70,48,55,10,10,50,60,48,30,16,8,54,71,49,24,8,6,45,64,44,14,14,8,68,66
1070,2022-02-14T00:00:00,14,44,52,19,11,74,71,55,55,8,10,51,60,65,30,15,8,55,72,71,26,11,7,46,65,63,14,11,8,71,68
1071,2022-02-14T00:00:00,15,46,52,16,10,76,71,63,55,7,9,52,61,86,30,13,8,55,72,80,26,12,6,48,65,96,14,11,6,73,68
1072,2022-02-14T00:00:00,16,49,52,17,7,76,71,65,55,9,8,52,60,90,30,17,7,55,73,78,26,18,6,49,66,86,16,12,5,73,68
1073,2022-02-14T00:00:00,17,39,53,14,6,78,71,48,56,14,7,52,60,46,30,19,6,57,73,43,26,16,5,50,66,49,16,20,5,74,68
1074,2022-02-14T00:00:00,18,38,53,12,5,81,72,31,56,18,6,52,60,28,30,20,6,58,74,35,26,17,5,52,67,41,16,17,5,74,69
1075,2022-02-14T00:00:00,19,29,53,13,5,81,72,29,57,18,5,52,61,19,28,32,6,57,74,27,26,15,5,51,67,32,16,24,5,77,68
1076,2022-02-14T00:00:00,20,27,53,23,5,80,72,24,57,25,5,50,62,6,28,25,6,55,74,11,24,21,5,50,66,24,16,28,5,78,68
1077,2022-02-14T00:00:00,21,23,53,19,5,81,72,20,57,25,5,50,63,6,28,27,7,55,75,11,20,26,5,49,66,17,16,32,6,80,70
1078,2022-02-14T00:00:00,22,16,54,19,5,84,73,21,57,22,6,49,64,10,30,21,8,54,75,11,20,20,6,48,66,11,16,27,7,78,71
1079,2022-02-14T00:00:00,23,19,53,15,5,87,73,17,57,13,6,49,64,10,30,22,8,55,76,14,18,21,6,48,66,11,16,19,7,77,73
1080,2022-02-14T00:00:00,24,21,52,19,5,87,73,19,57,10,6,49,64,9,30,18,8,55,76,11,16,21,7,49,67,11,16,19,7,77,73
1081,2022-02-15T00:00:00,1,19,51,19,4,87,74,19,56,11,5,49,65,6,28,20,8,55,77,21,16,18,7,48,68,13,16,14,7,77,74
1082,2022-02-15T00:00:00,2,16,50,20,4,87,75,20,55,12,5,50,66,14,28,19,8,55,77,21,16,15,7,48,68,13,16,19,6,78,74
1083,2022-02-15T00:00:00,3,11,50,12,4,86,75,18,55,12,5,49,65,9,28,15,6,55,77,15,16,11,7,48,68,13,16,17,6,80,75
1084,2022-02-15T00:00:00,4,8,46,12,4,86,75,19,53,17,4,50,65,8,28,13,5,55,76,7,14,13,7,48,68,9,16,15,5,83,76
1085,2022-02-15T00:00:00,5,9,42,13,3,83,74,11,52,16,3,50,64,4,28,16,5,55,76,6,14,12,6,48,69,6,16,17,5,84,75
1086,2022-02-15T00:00:00,6,3,40,16,3,81,73,5,48,15,3,50,65,1,26,16,5,55,76,5,14,14,5,49,70,6,16,15,5,87,76
1087,2022-02-15T00:00:00,7,2,36,14,5,81,72,4,44,15,3,50,65,1,26,16,5,55,76,5,14,15,5,49,71,4,16,15,6,88,77
1088,2022-02-15T00:00:00,8,2,32,12,6,81,71,1,40,16,4,50,65,1,26,18,8,55,76,6,12,16,5,49,71,4,16,15,8,90,78
1089,2022-02-15T00:00:00,9,5,30,17,7,81,71,6,30,17,5,49,65,3,24,24,9,55,76,8,12,17,6,49,71,3,12,19,9,90,78
1090,2022-02-15T00:00:00,10,14,28,21,8,81,72,14,24,21,7,49,65,9,22,26,10,55,76,18,12,17,6,49,71,15,12,23,9,88,79
1091,2022-02-15T00:00:00,11,25,26,25,9,80,71,26,20,21,8,49,66,20,20,30,11,55,76,31,12,19,7,50,72,29,10,22,9,88,80
1092,2022-02-15T00:00:00,12,33,24,22,9,76,70,39,18,10,9,49,66,34,20,24,12,57,78,43,10,20,7,50,72,44,10,22,10,88,80
1093,2022-02-15T00:00:00,13,37,22,15,9,71,70,44,16,6,9,48,66,46,20,15,11,57,78,55,10,15,7,49,73,65,10,10,10,87,81
1094,2022-02-15T00:00:00,14,40,20,13,9,64,71,46,16,5,9,46,66,61,20,14,11,57,77,73,10,13,7,49,74,76,10,8,8,86,80
1095,2022-02-15T00:00:00,15,47,20,12,7,63,71,78,16,8,9,46,65,90,20,12,9,55,77,88,10,11,7,49,75,80,10,8,6,86,80
1096,2022-02-15T00:00:00,16,48,20,13,6,61,71,86,16,8,8,44,65,82,20,12,7,55,77,103,10,11,7,49,75,46,10,7,5,86,80
1097,2022-02-15T00:00:00,17,45,18,12,5,61,71,48,14,10,7,45,65,46,20,13,6,54,76,48,10,10,6,49,77,39,10,8,4,86,79
1098,2022-02-15T00:00:00,18,44,18,15,5,61,71,38,12,13,6,45,64,41,20,16,5,54,76,44,10,11,5,49,77,40,10,9,4,84,78
1099,2022-02-15T00:00:00,19,36,18,15,4,61,72,36,12,18,5,45,64,32,18,19,5,54,75,36,10,12,5,48,76,44,8,15,3,83,78
1100,2022-02-15T00:00:00,20,18,18,18,4,63,72,21,12,19,6,46,64,19,18,19,4,54,75,26,10,15,5,49,76,25,8,18,3,81,77
1101,2022-02-15T00:00:00,21,16,16,20,4,64,73,11,10,25,6,45,63,19,18,18,4,52,74,26,10,16,5,49,75,25,8,20,4,83,76
1102,2022-02-15T00:00:00,22,15,16,17,4,63,72,12,10,22,6,44,63,21,16,13,5,52,74,22,10,17,5,48,75,21,8,19,4,84,75
1103,2022-02-15T00:00:00,23,14,16,21,4,64,73,11,10,22,6,44,63,16,16,16,5,52,73,27,8,18,5,46,73,21,8,22,5,65,74
1104,2022-02-15T00:00:00,24,10,16,18,4,64,72,11,10,22,6,44,63,12,16,20,5,51,73,24,8,15,5,46,72,18,8,19,5,64,73
1105,2022-02-16T00:00:00,1,11,16,19,4,64,71,16,10,22,6,46,63,12,16,14,5,52,72,25,8,13,5,45,71,21,8,20,5,64,73
1106,2022-02-16T00:00:00,2,11,16,14,4,63,71,19,10,19,5,46,63,13,16,11,4,51,72,23,6,14,5,45,70,7,8,18,5,65,73
1107,2022-02-16T00:00:00,3,13,14,17,4,63,71,9,8,15,5,46,63,10,16,14,4,51,71,25,6,12,5,44,70,14,10,17,5,65,72
1108,2022-02-16T00:00:00,4,10,12,15,4,63,70,10,8,14,5,49,63,2,14,15,4,51,71,21,6,11,5,43,69,11,10,14,5,65,72
1109,2022-02-16T00:00:00,5,7,10,17,3,63,70,13,8,12,4,49,63,2,12,16,4,51,71,16,6,10,5,41,68,13,10,14,5,67,71
1110,2022-02-16T00:00:00,6,6,10,16,3,61,69,6,8,14,4,50,63,1,10,19,4,51,70,13,6,12,4,40,66,11,10,16,4,67,71
1111,2022-02-16T00:00:00,7,3,10,16,4,61,69,1,8,18,4,50,63,1,10,18,5,51,70,9,6,16,4,40,65,9,10,17,4,67,71
1112,2022-02-16T00:00:00,8,2,10,18,6,63,69,1,8,18,5,51,63,1,10,18,6,51,70,6,6,19,4,39,64,9,10,19,6,67,69
1113,2022-02-16T00:00:00,9,4,10,22,7,63,68,6,8,23,7,51,64,3,8,20,8,51,70,16,6,17,5,39,64,6,8,18,7,67,69
1114,2022-02-16T00:00:00,10,11,8,36,8,64,67,16,8,29,8,52,63,14,8,21,8,51,69,27,4,19,5,38,63,21,8,17,8,68,68
1115,2022-02-16T00:00:00,11,24,8,26,9,65,67,36,8,23,8,52,62,32,8,21,9,50,68,34,4,10,5,36,62,34,8,11,8,68,67
1116,2022-02-16T00:00:00,12,31,8,18,10,65,67,36,8,6,8,51,61,38,8,13,9,49,67,43,4,10,5,34,61,36,8,7,8,65,66
1117,2022-02-16T00:00:00,13,41,8,13,10,63,66,45,6,8,9,50,60,46,8,10,8,46,65,46,4,5,5,33,59,42,6,6,9,64,64
1118,2022-02-16T00:00:00,14,49,6,13,10,63,65,57,6,8,8,49,60,63,6,12,7,45,64,61,4,4,5,33,57,53,6,5,5,61,63
1119,2022-02-16T00:00:00,15,73,6,9,9,63,65,73,6,7,7,49,60,61,6,8,6,45,64,57,2,4,5,31,57,55,6,6,4,61,62
1120,2022-02-16T00:00:00,16,69,6,9,6,63,65,73,6,7,5,49,60,49,6,14,5,45,63,63,2,5,5,30,55,48,6,4,4,60,61
1121,2022-02-16T00:00:00,17,71,6,9,5,61,65,59,6,10,5,48,59,44,6,12,4,44,62,57,2,6,4,29,53,44,6,5,2,58,61
1122,2022-02-16T00:00:00,18,41,6,8,4,60,64,46,6,10,4,48,58,32,6,12,3,44,62,37,2,5,3,28,52,38,6,6,1,57,60
1123,2022-02-16T00:00:00,19,24,6,10,3,55,63,28,6,13,4,48,57,31,6,11,3,44,61,34,2,8,3,28,52,36,6,6,1,58,60
1124,2022-02-16T00:00:00,20,19,6,12,3,57,62,24,6,12,4,48,57,25,6,14,3,44,61,30,2,6,3,28,51,34,6,7,1,60,60
1125,2022-02-16T00:00:00,21,14,6,16,3,57,61,16,6,16,4,48,56,14,6,17,4,44,60,25,2,5,3,28,52,27,6,9,1,60,59
1126,2022-02-16T00:00:00,22,14,6,17,4,55,61,13,6,17,4,48,56,14,6,20,5,43,60,24,2,14,3,28,51,21,6,10,1,60,59
1127,2022-02-16T00:00:00,23,14,6,17,5,55,61,11,6,19,5,49,56,16,6,20,5,44,60,25,2,19,3,29,52,17,6,18,2,60,58
1128,2022-02-16T00:00:00,24,14,6,17,5,57,60,7,6,21,5,50,56,16,6,16,6,44,60,26,2,13,3,28,51,14,6,21,3,61,59
1129,2022-02-17T00:00:00,1,12,6,17,5,57,61,6,6,21,6,50,56,16,6,16,6,43,60,27,2,11,3,28,52,14,6,19,4,61,60
1130,2022-02-17T00:00:00,2,9,4,16,5,57,60,6,6,19,6,50,56,14,4,17,6,41,59,29,2,6,3,28,51,14,6,19,4,61,60
1131,2022-02-17T00:00:00,3,11,4,16,5,57,60,2,6,17,7,50,56,4,4,17,6,40,58,29,2,6,3,28,51,14,6,12,4,60,60
1132,2022-02-17T00:00:00,4,11,4,15,5,57,59,4,6,16,7,48,56,9,4,16,6,40,58,26,2,8,3,28,49,5,6,12,4,60,59
1133,2022-02-17T00:00:00,5,9,4,15,5,55,59,4,4,16,7,48,57,3,4,16,5,39,57,26,2,5,3,28,48,9,6,12,5,60,60
1134,2022-02-17T00:00:00,6,6,4,19,3,57,58,1,4,17,7,49,57,4,4,16,5,38,57,18,2,10,2,28,47,11,6,13,5,60,60
1135,2022-02-17T00:00:00,7,1,4,18,3,60,58,1,4,16,7,49,57,1,4,20,5,38,56,22,2,13,2,28,45,11,6,15,5,58,60
1136,2022-02-17T00:00:00,8,2,4,20,5,63,58,1,4,15,8,50,58,1,4,20,7,38,56,13,2,14,2,26,45,5,6,18,5,57,60
1137,2022-02-17T00:00:00,9,3,4,20,6,63,60,5,4,19,9,52,58,2,4,24,8,36,55,23,2,18,3,26,44,14,6,24,6,55,60
1138,2022-02-17T00:00:00,10,10,4,29,7,64,60,14,4,26,10,55,59,10,4,34,9,38,55,24,2,18,4,25,44,17,6,31,8,50,60
1139,2022-02-17T00:00:00,11,24,4,26,8,68,61,30,4,15,10,55,59,19,4,38,10,40,56,27,2,29,5,25,43,29,4,21,8,49,61
1140,2022-02-17T00:00:00,12,37,4,20,8,71,61,39,4,9,10,55,59,36,4,24,11,40,56,40,2,22,5,26,43,39,4,18,8,49,61
1141,2022-02-17T00:00:00,13,51,4,14,9,74,62,44,4,9,10,57,59,46,4,20,12,40,57,53,2,17,5,28,43,49,4,10,8,49,62
1142,2022-02-17T00:00:00,14,59,4,11,9,76,62,63,4,6,10,57,59,69,4,14,11,40,57,78,2,10,5,29,45,71,4,7,8,49,62
1143,2022-02-17T00:00:00,15,78,4,11,8,77,64,92,4,7,9,57,58,96,4,12,11,41,58,101,2,8,5,29,47,98,4,8,7,50,62
1144,2022-02-17T00:00:00,16,88,4,13,6,77,64,106,4,8,6,58,59,107,4,14,9,41,58,109,2,7,5,29,47,107,4,8,5,51,63
1145,2022-02-17T00:00:00,17,67,4,13,5,78,65,113,4,8,5,58,59,119,4,12,7,43,59,109,2,7,5,29,50,111,6,7,4,51,63
1146,2022-02-17T00:00:00,18,46,4,11,5,78,65,111,4,10,4,58,60,115,4,19,6,43,60,100,2,7,4,29,52,103,6,9,3,52,64
1147,2022-02-17T00:00:00,19,31,6,18,4,81,66,50,6,13,4,109,61,55,4,25,5,44,61,49,2,8,4,29,52,44,6,8,3,54,64
1148,2022-02-17T00:00:00,20,24,6,18,4,83,67,28,6,16,3,109,61,26,4,22,5,45,62,32,4,15,3,30,52,35,6,11,2,54,65
1149,2022-02-17T00:00:00,21,13,6,20,5,84,67,24,6,18,4,109,61,14,4,24,5,46,62,21,4,14,3,31,53,23,6,23,3,52,65
1150,2022-02-17T00:00:00,22,12,6,22,5,88,67,21,6,20,4,110,61,12,6,27,5,48,63,21,4,18,3,33,54,23,6,25,3,55,66
1151,2022-02-17T00:00:00,23,11,8,25,6,96,68,21,6,24,4,112,61,7,6,31,7,49,63,22,4,21,4,33,54,15,4,25,4,57,67
1152,2022-02-17T00:00:00,24,12,8,24,5,99,67,21,6,25,4,112,61,12,6,26,8,50,64,23,4,19,4,34,54,16,4,29,5,57,67
1153,2022-02-18T00:00:00,1,14,8,18,5,100,67,11,6,23,5,111,62,16,6,23,9,54,64,26,4,14,5,34,55,9,4,25,6,58,68
1154,2022-02-18T00:00:00,2,16,8,19,5,101,68,14,6,23,5,110,62,9,6,20,8,57,66,28,4,10,5,36,56,5,6,24,7,60,68
1155,2022-02-18T00:00:00,3,21,8,18,5,101,68,15,6,21,5,110,62,17,6,16,8,58,67,24,4,10,5,36,56,7,6,23,8,63,68
1156,2022-02-18T00:00:00,4,22,8,17,5,101,69,12,6,21,5,110,62,22,6,14,7,60,68,31,4,6,4,38,56,6,6,21,8,64,69
1157,2022-02-18T00:00:00,5,20,8,15,4,102,69,11,6,19,4,110,62,17,6,18,7,61,69,23,4,10,4,38,57,1,6,19,8,65,69
1158,2022-02-18T00:00:00,6,14,8,18,3,101,69,1,6,19,5,110,62,6,6,20,7,61,69,18,4,14,4,39,57,1,6,19,8,67,69
1159,2022-02-18T00:00:00,7,3,8,20,3,101,68,1,6,20,5,110,63,1,6,22,7,61,69,10,4,22,3,39,57,2,6,18,8,70,70
1160,2022-02-18T00:00:00,8,2,8,19,5,100,67,4,6,19,7,110,63,1,6,26,8,61,69,6,4,26,4,40,57,1,6,20,7,73,72
1161,2022-02-18T00:00:00,9,4,8,23,5,101,67,10,6,23,9,109,63,4,6,29,9,64,71,19,4,20,5,41,58,7,6,20,7,74,74
1162,2022-02-18T00:00:00,10,12,8,31,6,100,67,17,6,31,10,107,63,9,6,40,10,64,71,25,4,26,5,43,58,21,6,22,7,78,74
1163,2022-02-18T00:00:00,11,29,10,35,6,97,67,30,8,30,11,106,62,24,6,45,11,64,71,36,4,24,5,43,59,31,6,24,7,78,74
1164,2022-02-18T00:00:00,12,38,10,34,7,99,67,42,8,19,11,105,63,39,6,40,12,67,73,43,6,23,6,43,59,44,6,25,7,80,74
1165,2022-02-18T00:00:00,13,55,10,23,8,101,68,53,8,13,11,105,65,63,6,27,11,70,75,69,6,19,6,41,60,69,6,15,7,81,76
1166,2022-02-18T00:00:00,14,90,12,15,9,102,68,101,8,7,11,106,67,88,6,18,10,73,76,109,6,17,7,40,60,102,6,12,7,83,77
1167,2022-02-18T00:00:00,15,104,12,10,8,102,68,108,8,7,11,105,68,112,6,15,9,73,76,121,6,13,7,43,61,115,6,9,6,83,78
1168,2022-02-18T00:00:00,16,107,12,10,7,103,68,112,8,8,8,105,68,126,6,11,7,73,76,134,6,12,7,45,62,118,6,8,5,83,79
1169,2022-02-18T00:00:00,17,110,12,10,5,103,69,112,8,7,6,105,68,126,6,13,6,73,76,139,6,10,6,48,62,90,6,7,5,84,79
1170,2022-02-18T00:00:00,18,101,12,11,5,103,69,106,8,12,5,106,68,104,6,15,5,74,77,112,6,8,5,49,63,73,6,8,4,84,79
1171,2022-02-18T00:00:00,19,37,12,18,5,103,70,44,8,14,5,106,70,46,6,20,5,74,76,46,6,6,5,50,63,69,6,9,3,84,79
1172,2022-02-18T00:00:00,20,29,12,19,4,104,71,39,8,17,4,107,70,35,6,18,5,74,76,39,4,11,5,49,63,55,6,10,3,84,79
1173,2022-02-18T00:00:00,21,14,10,19,4,105,72,33,8,20,4,108,70,22,6,27,5,74,76,30,4,16,5,48,62,39,6,14,3,86,79
1174,2022-02-18T00:00:00,22,26,10,25,4,106,72,31,8,16,4,106,70,19,6,28,5,74,76,31,4,14,5,48,63,32,6,22,3,84,79
1175,2022-02-18T00:00:00,23,14,10,27,5,104,73,23,8,16,4,105,70,25,6,18,5,74,76,24,4,17,5,49,63,27,6,15,3,84,78
1176,2022-02-18T00:00:00,24,16,10,28,5,104,72,18,8,24,5,104,70,10,6,26,6,73,76,16,4,22,5,49,63,18,6,28,3,84,78
1177,2022-02-19T00:00:00,1,16,10,24,5,104,72,9,8,26,5,105,70,6,6,27,7,71,76,23,4,19,5,50,63,16,6,27,4,84,78
1178,2022-02-19T00:00:00,2,9,10,21,5,105,72,7,12,24,5,105,70,4,6,26,7,71,76,28,4,13,5,50,63,12,6,28,5,84,78
1179,2022-02-19T00:00:00,3,9,12,19,5,105,73,13,18,20,5,105,71,4,6,27,8,74,77,29,4,14,5,50,64,21,6,23,5,84,78
1180,2022-02-19T00:00:00,4,9,14,19,5,107,73,6,28,18,5,105,72,1,6,23,8,76,78,19,4,16,5,51,64,23,6,21,5,83,79
1181,2022-02-19T00:00:00,5,6,18,20,5,107,75,3,38,17,6,106,74,1,8,22,8,77,78,23,4,15,5,51,64,19,6,19,5,84,80
1182,2022-02-19T00:00:00,6,2,26,19,5,108,76,1,44,17,7,106,76,1,10,22,8,78,80,18,4,17,5,52,65,13,6,18,5,84,80
1183,2022-02-19T00:00:00,7,2,30,19,6,108,78,1,46,16,8,106,77,1,12,20,9,81,81,7,4,25,5,52,65,11,6,17,6,84,80
1184,2022-02-19T00:00:00,8,2,32,19,6,108,79,3,48,15,9,106,78,1,14,20,10,83,82,5,4,26,5,52,65,6,8,17,6,84,80
1185,2022-02-19T00:00:00,9,4,32,22,7,108,81,6,48,18,11,105,78,3,16,22,10,83,82,13,6,20,5,52,66,6,10,19,6,83,79
1186,2022-02-19T00:00:00,10,9,34,29,8,109,82,13,50,28,12,104,80,11,18,26,10,83,82,29,8,22,6,54,67,18,14,18,6,84,80
1187,2022-02-19T00:00:00,11,18,34,30,8,110,83,26,50,28,13,105,83,23,20,29,10,84,82,38,10,19,6,54,68,32,16,20,7,84,81
1188,2022-02-19T00:00:00,12,36,34,29,9,111,84,43,50,23,13,105,85,40,20,29,11,83,82,53,10,16,6,55,69,44,18,20,7,86,81
1189,2022-02-19T00:00:00,13,57,34,20,9,112,85,69,50,11,13,106,85,73,20,17,10,83,82,71,10,10,6,58,70,71,18,12,7,86,81
1190,2022-02-19T00:00:00,14,82,34,12,9,111,85,94,50,8,12,105,84,88,20,10,9,83,82,101,12,7,6,58,69,103,18,8,7,86,80
1191,2022-02-19T00:00:00,15,84,34,10,8,110,85,96,50,5,11,105,84,101,20,8,8,83,82,113,12,7,6,58,69,113,18,6,6,84,80
1192,2022-02-19T00:00:00,16,94,34,7,6,109,85,105,50,6,10,106,83,115,20,8,7,83,82,123,12,7,5,57,68,109,18,6,5,84,80
1193,2022-02-19T00:00:00,17,101,34,8,5,108,84,86,50,6,8,106,82,110,20,9,6,83,82,125,12,7,5,54,67,71,18,5,5,84,80
1194,2022-02-19T00:00:00,18,88,34,9,5,108,84,45,50,9,6,106,82,61,20,10,6,83,81,110,12,6,5,54,67,63,18,5,4,84,80
1195,2022-02-19T00:00:00,19,34,34,10,4,110,84,39,50,10,5,106,79,46,22,12,5,83,82,49,12,6,4,54,67,48,20,7,3,86,87
1196,2022-02-19T00:00:00,20,26,34,10,4,109,83,31,50,14,5,105,79,39,22,10,5,83,82,48,12,7,4,55,68,45,20,8,2,86,85
1197,2022-02-19T00:00:00,21,22,34,11,4,108,83,21,50,20,5,104,79,32,22,10,5,83,82,41,12,10,4,55,69,38,20,12,2,86,84
1198,2022-02-19T00:00:00,22,19,36,13,3,108,83,18,52,18,5,105,79,31,24,12,5,81,82,32,12,19,4,57,69,29,20,20,3,86,83
1199,2022-02-19T00:00:00,23,14,40,17,3,107,83,19,52,16,5,105,79,26,24,15,5,81,82,31,12,15,5,55,69,21,20,20,3,86,82
1200,2022-02-19T00:00:00,24,13,42,14,4,107,83,26,53,18,5,105,79,25,26,15,5,83,82,24,12,15,5,57,68,14,22,19,4,84,81
1201,2022-02-20T00:00:00,1,,42,,4,106,83,,54,,5,104,79,,26,,5,83,83,,12,,5,57,68,,22,,4,84,81
1202,2022-02-20T00:00:00,2,,44,,4,106,82,,53,,5,104,80,,26,,5,80,82,,12,,5,57,68,,24,,2,84,80
1203,2022-02-20T00:00:00,3,,44,,,106,83,,52,,,104,79,,28,,,80,82,,14,,,57,68,,24,,,84,80
1204,2022-02-20T00:00:00,4,4,46,18,,104,84,5,46,14,,103,79,1,28,20,,78,82,26,14,8,,57,68,10,24,13,,84,80
1205,2022-02-20T00:00:00,5,4,44,17,,104,84,7,42,14,,103,78,3,26,18,,78,81,25,14,15,,57,68,11,24,15,,86,79
1206,2022-02-20T00:00:00,6,3,40,16,,103,84,3,42,14,,103,77,1,26,18,,77,80,24,14,15,,55,69,4,24,13,,84,79
1207,2022-02-20T00:00:00,7,2,40,17,,103,84,1,42,14,,102,76,2,24,18,,74,78,26,14,15,,55,69,8,24,14,,84,78
1208,2022-02-20T00:00:00,8,2,42,16,,103,83,3,40,13,,102,75,4,24,17,,73,78,18,14,14,,55,69,4,24,15,,83,77
1209,2022-02-20T00:00:00,9,6,42,17,8,102,83,8,42,15,9,102,75,11,24,21,9,73,78,25,14,13,5,54,69,8,24,15,6,81,76
1210,2022-02-20T00:00:00,10,13,42,25,8,101,82,16,42,19,10,102,74,15,22,20,9,71,77,25,12,15,5,52,68,18,22,18,6,77,75
1211,2022-02-20T00:00:00,11,24,42,21,8,97,82,32,42,11,9,101,73,28,20,23,9,70,76,37,10,15,5,51,68,31,20,15,6,77,74
1212,2022-02-20T00:00:00,12,38,40,16,7,94,82,44,42,9,9,99,72,42,20,16,9,68,76,49,10,10,5,51,68,44,20,11,6,74,72
1213,2022-02-20T00:00:00,13,44,40,12,7,91,81,47,42,5,9,96,71,67,20,11,9,67,75,61,10,7,5,50,67,51,18,6,5,71,71
1214,2022-02-20T00:00:00,14,47,40,8,6,90,80,61,42,4,8,96,70,104,20,11,9,67,75,96,10,6,5,50,67,78,18,5,5,71,71
1215,2022-02-20T00:00:00,15,46,40,6,6,90,78,50,42,4,7,97,70,109,20,8,8,68,76,112,10,6,5,50,67,94,20,4,5,71,71
1216,2022-02-20T00:00:00,16,63,40,6,5,90,79,88,44,4,6,96,70,105,20,8,7,68,76,118,10,6,4,50,68,100,20,5,4,71,70
1217,2022-02-20T00:00:00,17,63,42,6,5,91,79,94,44,5,5,94,70,96,20,7,5,68,76,113,10,5,4,50,67,96,20,6,3,70,70
1218,2022-02-20T00:00:00,18,55,42,7,5,88,78,92,44,5,4,94,70,92,20,8,5,68,76,110,10,7,4,50,68,92,20,5,3,71,70
1219,2022-02-20T00:00:00,19,49,42,11,4,88,78,50,44,10,5,90,70,59,20,16,5,67,76,84,10,14,4,50,68,61,20,11,3,71,71
1220,2022-02-20T00:00:00,20,31,42,20,5,87,78,31,44,20,5,87,70,34,20,30,5,67,77,45,10,25,4,50,68,43,20,8,3,73,71
1221,2022-02-20T00:00:00,21,24,40,30,5,86,79,26,44,13,5,88,70,31,20,35,6,68,77,37,10,30,5,50,68,38,20,13,3,68,72
1222,2022-02-20T00:00:00,22,24,38,22,5,86,79,24,40,18,5,84,70,25,18,35,6,68,77,40,10,14,5,51,69,29,20,11,4,67,72
1223,2022-02-20T00:00:00,23,23,34,28,5,87,80,24,36,21,5,84,70,21,18,20,6,68,77,39,10,15,5,51,70,26,20,15,4,67,72
1224,2022-02-20T00:00:00,24,24,32,26,6,88,81,21,32,24,6,86,70,12,18,26,7,67,77,42,10,21,5,51,71,24,18,21,5,68,72
1225,2022-02-21T00:00:00,1,19,32,27,7,90,82,16,32,23,7,87,68,14,16,26,8,67,77,38,10,22,5,50,71,22,18,18,5,68,72
1226,2022-02-21T00:00:00,2,18,30,24,8,88,83,14,30,22,7,88,68,20,16,24,8,67,77,36,8,15,5,51,72,23,18,11,5,65,72
1227,2022-02-21T00:00:00,3,18,30,20,8,87,84,8,30,22,6,88,67,10,16,19,7,67,76,34,8,9,5,50,71,18,18,10,5,64,71
1228,2022-02-21T00:00:00,4,14,26,20,8,87,83,3,28,23,6,90,66,13,16,19,6,65,75,34,8,8,5,50,71,17,18,9,5,64,70
1229,2022-02-21T00:00:00,5,11,24,17,7,87,83,7,20,22,6,91,66,11,14,20,6,64,75,31,8,7,4,50,71,11,16,14,5,64,70
1230,2022-02-21T00:00:00,6,3,20,20,7,87,83,1,16,19,6,93,67,6,14,24,6,64,75,21,8,14,4,49,71,7,16,15,5,64,69
1231,2022-02-21T00:00:00,7,2,16,20,7,87,82,1,14,16,7,96,67,1,14,21,6,63,74,16,8,23,4,49,70,8,16,16,5,64,69
1232,2022-02-21T00:00:00,8,2,14,21,8,88,82,1,14,17,8,99,66,1,12,22,7,63,74,6,8,29,4,49,70,5,16,18,5,64,68
1233,2022-02-21T00:00:00,9,4,12,28,8,88,81,4,12,20,10,100,66,4,10,29,7,63,74,21,8,21,5,50,70,6,12,20,6,65,68
1234,2022-02-21T00:00:00,10,9,10,33,10,93,81,14,10,25,12,102,66,13,8,30,8,61,73,36,6,22,5,52,70,19,10,22,8,65,66
1235,2022-02-21T00:00:00,11,26,8,30,10,96,80,32,10,19,13,103,66,34,8,31,8,61,73,44,6,16,5,52,70,29,10,26,8,65,66
1236,2022-02-21T00:00:00,12,39,8,25,10,97,79,48,8,15,14,103,66,47,8,21,8,63,73,57,6,12,5,51,69,47,10,15,9,65,66
1237,2022-02-21T00:00:00,13,59,8,15,10,97,78,69,8,9,14,103,66,55,6,12,8,63,73,69,4,10,5,51,69,61,8,12,8,67,66
1238,2022-02-21T00:00:00,14,86,8,12,10,96,78,92,8,7,13,103,66,59,6,10,7,61,72,92,4,8,5,51,69,71,8,7,8,65,66
1239,2022-02-21T00:00:00,15,82,8,11,9,97,76,88,8,5,12,103,66,78,6,8,7,60,71,107,4,7,5,52,69,90,8,6,7,64,66
1240,2022-02-21T00:00:00,16,96,8,9,7,99,75,90,8,6,10,103,66,94,6,9,5,58,70,110,4,6,5,52,69,78,8,5,5,64,66
1241,2022-02-21T00:00:00,17,104,8,11,5,99,74,82,8,6,7,103,66,71,6,13,5,58,69,90,4,5,4,52,68,53,8,4,5,63,65
1242,2022-02-21T00:00:00,18,94,8,15,4,101,74,84,8,9,6,103,66,42,6,12,4,57,68,43,4,4,4,52,67,39,8,6,4,64,64
1243,2022-02-21T00:00:00,19,47,8,12,4,101,75,36,8,11,5,103,65,41,6,12,3,57,67,44,4,10,3,51,66,40,8,7,3,63,63
1244,2022-02-21T00:00:00,20,21,8,17,3,99,74,32,8,16,5,103,64,33,6,22,3,55,66,38,4,12,3,51,65,41,8,12,3,64,62
1245,2022-02-21T00:00:00,21,21,8,20,4,91,73,21,6,21,5,103,64,23,4,24,4,54,65,29,4,9,3,50,64,34,8,11,3,65,62
1246,2022-02-21T00:00:00,22,9,8,22,5,91,72,11,6,25,5,102,63,16,4,28,5,54,65,26,4,20,3,49,63,25,6,12,3,67,62
1247,2022-02-21T00:00:00,23,9,8,22,5,91,71,5,6,28,6,102,63,9,4,27,5,52,64,29,4,21,4,46,62,19,6,18,3,68,62
1248,2022-02-21T00:00:00,24,6,8,24,5,90,69,9,6,27,7,102,64,4,4,25,6,51,63,31,4,19,4,45,61,28,6,20,4,65,62
1249,2022-02-22T00:00:00,1,11,6,25,5,91,68,11,6,26,7,102,64,4,4,23,7,51,63,33,4,16,3,44,59,27,6,14,4,67,62
1250,2022-02-22T00:00:00,2,11,6,22,5,91,65,9,6,23,7,103,65,6,4,20,7,51,62,32,4,13,3,43,57,12,6,21,5,68,62
1251,2022-02-22T00:00:00,3,11,6,20,5,91,64,9,6,22,7,103,65,4,4,20,7,51,62,30,4,9,3,43,57,17,6,17,5,68,63
1252,2022-02-22T00:00:00,4,11,6,20,6,91,64,2,6,20,7,104,66,6,4,19,6,51,62,24,4,8,3,41,57,14,6,15,5,68,64
1253,2022-02-22T00:00:00,5,6,6,21,6,93,64,1,6,18,7,104,64,4,4,18,6,52,63,20,4,10,3,41,56,9,6,15,5,68,64
1254,2022-02-22T00:00:00,6,3,6,18,6,93,64,1,6,18,6,104,65,3,4,19,7,52,64,16,4,15,2,41,55,10,6,16,5,68,65
1255,2022-02-22T00:00:00,7,2,6,20,6,93,63,1,6,16,7,104,64,1,4,21,8,54,65,7,4,21,2,41,55,6,6,17,5,68,65
1256,2022-02-22T00:00:00,8,2,6,20,7,93,63,1,6,17,9,106,65,1,4,30,10,55,65,6,4,23,3,40,54,1,6,18,7,68,65
1257,2022-02-22T00:00:00,9,3,6,27,9,94,63,4,6,24,12,108,67,3,4,31,10,60,67,21,4,21,4,40,54,6,6,20,10,67,65
1258,2022-02-22T00:00:00,10,9,6,33,10,97,63,11,6,33,14,109,68,11,4,38,11,60,67,29,6,26,5,40,53,14,6,31,11,70,65
1259,2022-02-22T00:00:00,11,24,6,34,10,96,63,28,6,30,15,109,69,26,4,38,12,61,67,39,6,21,5,40,53,32,6,31,11,71,65
1260,2022-02-22T00:00:00,12,38,6,23,10,100,64,42,6,21,15,110,70,47,6,28,12,61,67,49,6,10,5,39,53,46,6,22,12,73,66
1261,2022-02-22T00:00:00,13,46,6,20,10,100,65,67,6,15,15,110,70,65,6,19,13,61,68,67,6,10,5,39,53,73,6,20,12,73,67
1262,2022-02-22T00:00:00,14,65,6,13,10,101,63,84,6,9,15,110,71,103,6,14,11,63,69,92,6,10,5,39,52,96,6,14,11,74,68
1263,2022-02-22T00:00:00,15,82,6,13,9,101,63,98,6,7,13,110,71,112,6,11,10,64,69,100,6,8,5,39,52,112,6,10,9,77,68
1264,2022-02-22T00:00:00,16,76,6,11,7,99,64,100,6,7,10,110,71,117,6,10,7,64,70,106,6,7,5,38,52,118,6,8,7,78,69
1265,2022-02-22T00:00:00,17,63,6,10,5,99,65,104,6,8,8,111,70,114,6,16,5,65,71,111,6,7,4,36,53,114,6,11,5,81,69
1266,2022-02-22T00:00:00,18,50,6,10,5,97,65,101,6,10,6,111,71,116,6,18,5,67,72,109,6,7,4,36,53,111,6,13,5,80,69
1267,2022-02-22T00:00:00,19,39,6,15,4,100,65,44,6,10,5,112,71,50,6,22,4,67,72,94,6,16,3,36,55,82,6,11,4,83,70
1268,2022-02-22T00:00:00,20,29,6,16,4,106,66,30,6,10,4,117,72,30,6,12,4,71,73,44,6,11,3,38,55,39,6,10,4,83,71
1269,2022-02-22T00:00:00,21,34,6,16,4,108,66,30,6,13,3,119,72,26,6,15,5,73,73,35,6,11,3,39,55,35,6,17,4,84,71
1270,2022-02-22T00:00:00,22,14,6,20,4,107,66,26,6,18,3,120,72,16,6,23,5,73,73,29,6,17,3,41,56,26,6,20,4,86,72
1271,2022-02-22T00:00:00,23,14,6,26,5,108,66,25,6,17,4,119,72,15,6,23,5,71,73,14,6,25,4,43,56,25,6,13,4,86,72
1272,2022-02-22T00:00:00,24,10,6,28,5,108,67,29,6,17,4,119,70,13,6,26,5,73,73,19,6,20,4,44,56,26,6,12,4,87,72
1273,2022-02-23T00:00:00,1,12,6,22,6,108,68,26,6,19,4,119,70,4,6,25,5,73,74,21,6,16,5,45,57,24,6,20,4,86,72
1274,2022-02-23T00:00:00,2,17,6,19,6,108,69,21,6,25,4,119,70,6,6,23,5,74,74,19,6,15,5,46,58,15,6,21,4,84,72
1275,2022-02-23T00:00:00,3,17,6,20,6,108,69,21,6,25,4,118,70,8,6,24,5,74,75,21,6,12,5,48,58,14,6,24,5,84,72
1276,2022-02-23T00:00:00,4,16,6,20,6,108,69,19,6,23,4,118,69,6,6,22,5,76,75,20,6,12,4,49,59,19,6,21,5,84,72
1277,2022-02-23T00:00:00,5,16,6,18,6,108,69,13,6,20,5,119,69,6,6,21,5,76,75,19,6,17,4,49,59,19,6,18,5,84,72
1278,2022-02-23T00:00:00,6,6,6,20,6,108,70,4,6,17,5,119,69,3,6,25,5,76,75,20,6,19,5,50,60,11,6,20,5,83,72
1279,2022-02-23T00:00:00,7,2,6,20,6,108,70,1,6,18,6,118,70,1,6,23,6,77,75,12,6,25,5,50,60,8,6,20,6,84,72
1280,2022-02-23T00:00:00,8,2,6,23,6,108,70,1,6,20,8,117,69,1,6,25,8,77,76,6,6,24,5,51,61,1,6,22,8,86,73
1281,2022-02-23T00:00:00,9,6,6,26,7,108,70,4,6,27,11,117,68,5,6,25,8,74,75,24,4,20,5,51,61,9,6,24,9,88,73
1282,2022-02-23T00:00:00,10,12,6,30,8,107,70,16,6,32,12,116,68,16,6,27,8,74,74,36,4,18,5,51,61,19,6,35,11,86,74
1283,2022-02-23T00:00:00,11,25,4,24,8,107,70,31,6,31,12,116,68,31,4,30,9,74,74,46,4,18,5,51,61,36,6,35,12,86,74
1284,2022-02-23T00:00:00,12,44,4,23,8,105,70,46,6,17,13,115,69,48,6,25,9,74,74,49,2,13,5,51,60,49,6,29,12,84,75
1285,2022-02-23T00:00:00,13,46,4,15,8,105,69,49,6,7,12,115,69,57,4,16,9,76,74,71,2,11,5,50,60,59,6,12,11,84,76
1286,2022-02-23T00:00:00,14,48,4,7,8,105,69,49,6,5,10,115,68,50,4,9,8,74,72,67,4,7,5,50,60,82,6,7,10,84,75
1287,2022-02-23T00:00:00,15,43,4,7,7,106,69,39,6,3,8,115,67,69,4,10,7,73,71,73,4,5,5,50,60,88,6,7,8,83,74
1288,2022-02-23T00:00:00,16,37,4,4,5,107,67,39,6,4,6,114,66,49,4,6,5,71,71,80,4,5,4,50,59,84,6,5,6,81,73
1289,2022-02-23T00:00:00,17,38,4,5,4,107,66,46,6,4,4,114,66,44,4,8,4,70,70,53,2,5,3,51,59,92,6,4,5,78,72
1290,2022-02-23T00:00:00,18,35,4,6,3,107,65,80,6,8,3,114,67,41,4,10,3,68,68,48,2,6,2,50,58,78,6,6,4,80,72
1291,2022-02-23T00:00:00,19,24,4,15,2,107,64,48,4,12,2,114,69,49,4,12,3,67,67,46,2,11,2,50,57,61,6,8,3,80,72
1292,2022-02-23T00:00:00,20,21,4,19,2,104,63,39,4,15,2,111,68,39,4,17,4,65,68,36,4,17,2,50,57,53,6,10,2,80,72
1293,2022-02-23T00:00:00,21,16,4,15,2,103,63,29,4,17,2,112,69,21,4,22,4,65,68,24,4,17,2,50,56,44,6,15,3,77,72
1294,2022-02-23T00:00:00,22,13,4,16,2,103,63,14,4,20,3,112,70,14,4,19,5,67,68,24,4,15,2,48,56,29,6,27,4,76,73
1295,2022-02-23T00:00:00,23,14,4,15,3,102,63,11,4,21,4,112,71,16,4,19,5,68,68,21,4,13,3,49,56,20,6,22,4,77,74
1296,2022-02-23T00:00:00,24,11,6,16,3,101,62,13,4,21,5,112,71,14,4,15,5,70,68,19,4,13,3,50,56,16,6,21,5,76,74
1297,2022-02-24T00:00:00,1,13,8,17,3,101,61,11,4,22,5,112,71,10,6,16,5,68,68,19,6,13,3,51,56,7,6,18,5,74,75
1298,2022-02-24T00:00:00,2,14,8,16,4,100,61,9,6,20,5,111,71,8,8,18,5,68,67,23,6,11,4,50,56,9,6,22,5,77,74
1299,2022-02-24T00:00:00,3,10,8,17,5,101,62,5,6,18,5,112,72,4,8,18,5,67,67,27,6,14,3,50,56,19,6,18,5,77,74
1300,2022-02-24T00:00:00,4,6,10,17,5,102,63,4,8,18,5,111,73,4,10,19,5,67,67,24,6,16,3,50,56,20,6,16,5,77,73
1301,2022-02-24T00:00:00,5,6,10,16,5,102,64,5,8,16,5,110,74,2,10,21,5,67,67,17,6,14,3,49,56,16,6,18,5,78,73
1302,2022-02-24T00:00:00,6,2,10,16,5,102,65,4,8,16,5,111,74,3,10,20,5,67,67,14,6,18,3,49,56,12,6,18,5,78,73
1303,2022-02-24T00:00:00,7,2,12,17,6,102,66,1,10,17,7,112,73,1,10,22,5,67,67,6,6,21,3,49,56,11,6,19,5,77,74
1304,2022-02-24T00:00:00,8,2,12,18,8,102,68,2,10,17,10,112,73,1,10,25,7,67,67,6,6,21,4,48,56,3,6,19,6,76,75
1305,2022-02-24T00:00:00,9,5,14,26,9,103,69,7,10,22,12,113,72,4,10,29,8,67,67,14,6,22,5,48,57,4,8,20,7,74,75
1306,2022-02-24T00:00:00,10,12,16,32,9,103,69,16,12,26,14,112,72,10,10,36,9,70,68,21,6,21,5,48,57,12,8,29,8,74,74
1307,2022-02-24T00:00:00,11,23,20,36,10,104,71,34,16,21,14,112,72,23,12,45,9,71,69,35,6,27,6,50,57,26,8,29,10,76,73
1308,2022-02-24T00:00:00,12,40,20,29,10,105,72,46,16,14,14,112,70,38,12,37,9,71,69,46,6,32,7,52,58,41,8,21,8,76,71
1309,2022-02-24T00:00:00,13,49,22,15,10,106,74,50,18,8,14,113,69,51,12,19,9,71,69,69,6,19,7,55,59,63,8,9,7,74,70
1310,2022-02-24T00:00:00,14,61,22,9,9,106,75,50,18,6,12,114,68,82,12,11,8,71,70,76,6,9,8,58,58,59,8,4,7,74,70
1311,2022-02-24T00:00:00,15,98,22,8,8,104,76,57,18,6,10,113,68,76,12,9,8,71,71,106,6,8,7,58,58,48,8,4,6,74,72
1312,2022-02-24T00:00:00,16,88,22,9,6,103,75,76,18,6,7,114,68,82,12,8,6,71,71,114,6,7,6,60,58,47,8,5,5,74,72
1313,2022-02-24T00:00:00,17,94,22,9,5,104,75,78,18,5,5,114,67,71,12,8,5,73,71,110,6,6,5,60,58,44,8,4,4,76,72
1314,2022-02-24T00:00:00,18,88,22,14,5,104,75,65,18,7,4,113,67,51,12,9,5,74,72,67,6,9,5,60,59,45,8,6,3,77,72
1315,2022-02-24T00:00:00,19,48,22,26,4,104,75,38,18,11,5,114,67,35,12,13,4,76,72,36,6,10,4,60,63,41,8,9,3,77,71
1316,2022-02-24T00:00:00,20,26,24,17,3,104,76,25,18,14,4,112,66,27,12,13,4,74,71,31,6,15,3,60,62,38,8,9,2,76,71
1317,2022-02-24T00:00:00,21,26,24,12,3,106,76,20,18,17,4,111,66,25,12,17,4,73,71,34,6,16,3,60,62,31,8,10,2,74,70
1318,2022-02-24T00:00:00,22,20,24,19,4,105,76,19,18,24,4,110,65,24,12,18,5,71,71,28,6,18,3,60,61,31,8,13,3,73,70
1319,2022-02-24T00:00:00,23,19,24,26,4,105,78,17,18,23,4,111,66,16,12,17,5,70,71,25,4,21,3,60,61,24,8,18,3,70,71
1320,2022-02-24T00:00:00,24,18,24,21,5,106,78,16,18,18,4,113,66,17,12,22,5,70,72,28,4,17,3,58,61,28,8,16,4,68,72
1321,2022-02-25T00:00:00,1,19,24,20,5,106,78,11,18,21,5,115,66,16,10,20,6,71,73,29,4,15,3,57,61,14,8,16,5,70,72
1322,2022-02-25T00:00:00,2,14,22,20,5,106,78,10,18,19,5,115,69,8,10,23,6,73,73,24,4,16,3,58,61,12,8,16,5,73,74
1323,2022-02-25T00:00:00,3,15,20,17,5,105,78,9,16,20,5,114,71,9,8,21,6,73,73,23,4,11,3,58,61,13,8,14,5,73,76
1324,2022-02-25T00:00:00,4,15,18,16,5,103,78,8,16,19,6,114,71,9,8,20,6,73,73,26,4,15,3,58,61,10,8,14,5,73,76
1325,2022-02-25T00:00:00,5,9,16,18,5,103,78,3,16,17,5,115,75,10,8,20,6,71,72,19,4,17,3,60,62,14,8,15,5,73,76
1326,2022-02-25T00:00:00,6,9,16,19,5,104,77,2,16,16,6,115,75,6,6,22,6,71,72,12,4,19,3,60,62,11,8,18,5,73,76
1327,2022-02-25T00:00:00,7,4,16,19,5,103,76,1,16,18,7,114,75,1,6,21,7,71,72,9,4,23,3,61,62,3,8,19,6,73,77
1328,2022-02-25T00:00:00,8,6,18,19,5,104,75,4,18,18,9,113,75,2,8,20,8,71,72,10,4,23,4,61,63,4,8,20,7,73,77
1329,2022-02-25T00:00:00,9,16,20,16,5,104,75,9,20,20,10,112,75,10,10,20,8,71,73,23,6,20,4,63,63,4,6,20,8,74,76
1330,2022-02-25T00:00:00,10,23,18,16,5,105,75,18,20,24,10,111,76,17,12,19,8,70,72,25,6,17,4,61,64,13,6,26,8,78,76
1331,2022-02-25T00:00:00,11,26,16,14,6,104,74,24,18,27,11,110,76,22,14,23,8,70,73,31,8,16,5,60,64,26,8,30,9,81,77
1332,2022-02-25T00:00:00,12,38,16,18,6,102,73,38,18,24,12,109,76,34,16,33,9,71,74,41,10,15,5,58,63,41,10,25,10,83,78
1333,2022-02-25T00:00:00,13,76,16,23,6,102,72,57,16,16,11,108,77,69,18,25,9,73,76,61,12,17,5,57,63,63,10,23,10,84,79
1334,2022-02-25T00:00:00,14,76,16,19,6,102,73,92,16,10,11,108,79,98,18,17,8,76,78,104,14,18,5,57,63,92,10,11,10,86,79
1335,2022-02-25T00:00:00,15,61,16,12,6,104,75,100,16,6,9,110,81,100,20,17,7,78,80,113,14,10,5,58,64,109,10,10,9,83,78
1336,2022-02-25T00:00:00,16,90,16,14,5,105,76,108,16,7,8,109,81,110,20,13,5,80,81,120,16,9,5,58,64,120,10,7,7,83,79
1337,2022-02-25T00:00:00,17,100,18,13,5,106,77,112,16,7,6,110,82,120,20,10,5,80,82,122,16,9,5,60,65,116,10,7,5,86,80
1338,2022-02-25T00:00:00,18,49,20,17,5,107,78,76,16,8,6,110,83,98,20,12,5,81,83,120,16,10,5,61,67,84,10,8,5,88,81
1339,2022-02-25T00:00:00,19,25,18,16,5,108,78,46,16,10,5,112,83,61,20,15,5,83,83,78,16,10,4,61,67,55,12,9,4,88,82
1340,2022-02-25T00:00:00,20,16,18,13,4,110,78,38,16,14,4,115,83,44,20,14,5,84,84,57,16,10,4,63,69,48,12,10,4,90,82
1341,2022-02-25T00:00:00,21,16,18,12,4,110,78,22,16,12,4,116,84,16,20,17,5,86,85,25,16,11,4,65,69,39,12,14,4,91,82
1342,2022-02-25T00:00:00,22,16,16,16,4,112,78,14,16,12,3,116,84,16,20,16,5,86,85,25,16,9,4,70,69,13,12,16,4,93,83
1343,2022-02-25T00:00:00,23,16,18,15,4,113,77,15,16,14,4,115,82,12,20,17,5,87,84,19,16,9,4,71,69,13,12,17,4,97,83
1344,2022-02-25T00:00:00,24,17,18,11,4,113,76,16,20,13,4,114,82,14,20,13,5,87,84,16,16,10,4,71,68,9,12,18,4,97,83
1345,2022-02-26T00:00:00,1,,18,,4,113,76,,20,,4,111,81,,22,,5,87,83,,18,,4,71,69,,12,,4,96,81
1346,2022-02-26T00:00:00,2,,18,,4,113,76,,22,,5,111,80,,22,,5,87,83,,18,,4,71,70,,12,,5,96,80
1347,2022-02-26T00:00:00,3,,20,,,113,76,,22,,,110,78,,24,,,86,83,,18,,,71,71,,12,,,96,79
1348,2022-02-26T00:00:00,4,10,20,15,,113,77,6,22,11,,110,77,3,26,14,,86,83,15,20,15,,71,72,9,12,10,,96,79
1349,2022-02-26T00:00:00,5,7,24,15,,113,77,6,24,14,,110,72,5,28,14,,86,83,11,20,13,,71,73,7,12,12,,97,78
1350,2022-02-26T00:00:00,6,5,26,15,,113,76,4,24,12,,110,71,4,30,13,,86,84,6,20,14,,74,74,4,12,13,,99,77
1351,2022-02-26T00:00:00,7,3,28,15,,114,76,2,16,12,,109,71,1,32,13,,86,84,6,20,15,,71,69,2,12,14,,99,77
1352,2022-02-26T00:00:00,8,2,28,14,,112,77,2,18,12,,108,70,1,30,14,,84,83,6,20,17,,71,69,6,12,13,,97,76
1353,2022-02-26T00:00:00,9,6,32,16,7,111,78,6,20,14,6,107,70,4,32,16,6,83,83,11,20,17,5,71,68,9,12,14,5,96,75
1354,2022-02-26T00:00:00,10,12,34,21,8,109,79,14,20,19,6,108,69,10,30,20,6,81,83,20,18,16,5,71,68,20,14,15,5,96,75
1355,2022-02-26T00:00:00,11,19,34,26,8,111,80,25,20,20,7,109,68,21,28,20,6,80,82,34,18,16,5,71,68,31,12,19,5,96,74
1356,2022-02-26T00:00:00,12,35,34,23,8,113,82,45,20,19,7,110,69,37,26,20,7,78,80,47,16,19,5,71,68,47,12,20,5,94,73
1357,2022-02-26T00:00:00,13,49,34,17,7,113,83,73,20,12,8,110,69,57,26,14,7,76,79,65,14,10,5,71,68,82,12,11,5,93,72
1358,2022-02-26T00:00:00,14,50,32,11,7,112,82,73,20,8,8,110,68,96,24,11,7,73,77,88,14,8,5,70,67,80,12,7,5,93,72
1359,2022-02-26T00:00:00,15,48,30,7,7,112,80,69,20,6,8,109,67,105,24,10,6,73,76,104,14,9,5,68,66,108,12,8,5,91,71
1360,2022-02-26T00:00:00,16,47,30,7,6,111,80,63,20,6,7,109,67,100,24,8,5,73,76,104,12,7,5,67,66,96,12,6,4,91,71
1361,2022-02-26T00:00:00,17,46,30,7,5,110,79,69,20,5,6,108,67,86,24,10,5,73,76,94,12,5,5,67,65,98,12,6,4,87,70
1362,2022-02-26T00:00:00,18,41,30,8,4,110,79,53,20,7,6,108,66,55,24,12,5,73,75,69,12,6,4,67,64,73,12,7,3,86,69
1363,2022-02-26T00:00:00,19,36,32,10,4,108,78,35,20,10,5,106,65,42,24,16,5,71,75,46,12,7,4,67,63,46,12,11,3,86,69
1364,2022-02-26T00:00:00,20,25,32,14,3,105,78,29,20,14,5,101,65,31,26,14,5,70,74,39,14,10,3,67,62,41,12,17,2,88,69
1365,2022-02-26T00:00:00,21,21,32,12,3,103,77,21,20,15,4,99,64,25,26,17,5,68,74,35,14,12,3,61,62,27,12,15,2,90,68
1366,2022-02-26T00:00:00,22,24,56,15,3,101,77,19,20,17,4,97,64,21,26,15,5,67,74,26,14,11,3,58,62,16,12,20,3,91,68
1367,2022-02-26T00:00:00,23,16,55,23,4,101,77,10,20,20,4,99,64,16,26,19,5,65,74,22,14,18,4,57,62,13,12,22,4,90,68
1368,2022-02-26T00:00:00,24,14,54,24,4,101,77,11,20,21,5,97,64,14,24,20,5,65,74,13,14,15,4,55,62,8,12,22,5,90,67
1369,2022-02-27T00:00:00,1,14,53,19,4,101,77,16,20,22,5,99,65,14,24,21,5,65,74,18,14,12,4,55,62,12,12,22,5,88,67
1370,2022-02-27T00:00:00,2,15,53,19,5,101,76,21,18,20,6,99,64,11,24,17,5,65,73,27,14,10,4,55,61,4,12,22,5,87,68
1371,2022-02-27T00:00:00,3,16,52,17,5,101,75,14,18,18,6,101,64,7,22,19,5,64,73,30,12,8,4,54,61,5,12,20,5,88,68
1372,2022-02-27T00:00:00,4,15,52,19,5,101,73,9,18,15,6,101,64,4,22,20,5,64,72,26,12,9,4,52,61,11,12,19,6,90,68
1373,2022-02-27T00:00:00,5,13,48,19,5,101,72,9,18,14,6,101,64,4,18,19,6,64,72,24,12,11,3,52,61,12,12,17,6,88,68
1374,2022-02-27T00:00:00,6,11,42,17,5,101,72,7,16,15,5,101,64,4,18,19,6,64,71,23,12,12,3,51,62,8,12,17,7,88,68
1375,2022-02-27T00:00:00,7,6,32,17,5,101,71,1,16,16,5,101,64,1,16,19,6,64,71,19,12,20,2,50,62,2,12,17,6,90,68
1376,2022-02-27T00:00:00,8,7,26,18,5,101,70,4,16,15,6,102,64,1,16,22,7,64,70,14,12,18,2,49,62,3,12,18,7,90,67
1377,2022-02-27T00:00:00,9,12,20,19,6,101,68,11,14,17,8,102,64,9,14,21,9,64,71,29,12,17,2,50,62,11,12,20,7,90,68
1378,2022-02-27T00:00:00,10,21,20,17,6,100,66,21,12,19,9,101,64,19,12,30,9,65,71,41,12,18,3,49,,23,10,23,7,88,68
1379,2022-02-27T00:00:00,11,32,18,13,6,94,65,33,12,20,9,99,64,34,12,21,10,65,71,47,12,14,3,48,,34,10,24,7,86,68
1380,2022-02-27T00:00:00,12,41,16,11,5,87,62,45,10,13,9,97,64,46,12,12,9,64,69,49,10,5,3,45,,44,10,13,7,83,68
1381,2022-02-27T00:00:00,13,43,14,8,5,81,59,47,10,5,8,97,64,69,12,10,8,63,68,63,10,7,3,44,,47,10,7,6,83,67
1382,2022-02-27T00:00:00,14,46,14,4,5,80,58,50,10,4,7,96,62,57,12,6,7,61,68,76,10,6,3,41,,49,8,4,6,78,65
1383,2022-02-27T00:00:00,15,48,14,5,4,78,57,49,10,4,6,96,62,63,12,6,6,58,65,69,10,4,3,41,,59,8,4,5,80,65
1384,2022-02-27T00:00:00,16,46,14,3,3,78,56,46,10,4,5,94,61,76,10,5,5,58,64,82,10,3,3,40,,55,8,4,4,78,64
1385,2022-02-27T00:00:00,17,41,14,4,2,77,56,41,10,4,4,94,60,61,10,5,5,57,63,82,10,3,2,39,,59,8,4,3,77,63
1386,2022-02-27T00:00:00,18,34,12,4,2,77,55,39,10,6,3,97,60,44,10,7,4,57,62,53,8,4,2,38,,45,8,5,2,76,62
1387,2022-02-27T00:00:00,19,26,12,6,2,77,54,25,10,7,2,101,59,32,8,9,4,55,62,42,8,6,1,36,,34,8,7,1,74,61
1388,2022-02-27T00:00:00,20,19,12,8,2,77,54,21,10,10,2,97,58,24,8,9,4,55,61,29,8,7,2,36,,23,6,11,1,76,61
1389,2022-02-27T00:00:00,21,17,12,8,2,77,53,21,10,10,2,96,57,21,8,10,4,58,61,24,8,9,2,36,,17,6,10,1,76,64
1390,2022-02-27T00:00:00,22,13,14,11,2,78,53,17,10,11,2,99,57,17,8,11,4,57,61,19,10,9,2,38,,17,6,12,2,74,64
1391,2022-02-27T00:00:00,23,14,16,12,2,80,52,14,10,11,2,97,56,11,10,10,4,57,60,18,10,10,2,38,,12,6,12,2,73,64
1392,2022-02-27T00:00:00,24,13,16,11,2,78,52,12,10,11,3,97,55,16,10,11,4,57,60,16,10,9,2,36,,13,6,14,2,73,63
1393,2022-02-28T00:00:00,1,12,16,12,2,77,52,13,10,7,3,94,55,12,10,10,3,55,59,19,10,9,2,36,,15,6,11,2,74,63
1394,2022-02-28T00:00:00,2,8,16,11,3,74,52,14,10,10,2,93,54,6,10,12,3,55,58,14,10,10,3,36,,13,6,13,2,76,63
1395,2022-02-28T00:00:00,3,6,16,11,3,74,52,13,14,8,2,91,54,4,10,12,3,54,58,14,10,11,3,36,,11,6,8,2,74,62
1396,2022-02-28T00:00:00,4,6,16,11,3,74,52,11,16,10,2,91,53,4,12,11,3,52,57,14,10,13,3,36,,9,6,7,2,70,62
1397,2022-02-28T00:00:00,5,7,16,11,3,73,52,7,18,11,2,90,52,4,12,13,3,51,56,10,10,12,3,36,43,6,6,13,2,70,61
1398,2022-02-28T00:00:00,6,6,18,12,3,71,52,4,20,11,2,91,52,4,14,13,3,50,55,11,10,16,3,36,41,6,6,13,3,68,61
1399,2022-02-28T00:00:00,7,2,18,12,4,71,53,1,24,10,3,91,52,1,14,13,4,49,55,4,10,17,3,36,41,1,6,13,3,67,60
1400,2022-02-28T00:00:00,8,3,20,13,5,71,54,5,26,10,5,88,51,2,14,15,5,49,55,5,10,17,3,36,41,1,6,12,4,67,60
1401,2022-02-28T00:00:00,9,6,22,13,5,71,56,7,28,15,5,86,52,5,16,19,5,49,55,10,10,14,4,36,41,5,6,12,5,68,59
1402,2022-02-28T00:00:00,10,11,24,20,5,73,58,12,30,18,7,87,53,9,16,22,6,50,57,19,12,17,5,36,41,14,6,14,5,68,59
1403,2022-02-28T00:00:00,11,20,24,23,6,73,59,21,30,19,8,86,53,15,16,28,7,51,58,29,12,20,5,38,43,25,6,20,5,70,58
1404,2022-02-28T00:00:00,12,26,26,20,7,76,62,31,30,23,9,87,53,28,16,27,8,54,60,35,12,21,5,39,45,34,6,26,6,71,59
1405,2022-02-28T00:00:00,13,34,26,20,7,80,63,43,30,12,10,87,54,39,16,21,8,55,61,42,12,13,5,39,43,41,6,16,6,70,59
1406,2022-02-28T00:00:00,14,39,26,7,6,81,64,45,30,6,9,87,56,43,16,10,8,57,62,49,12,11,6,39,47,48,6,10,6,71,60
1407,2022-02-28T00:00:00,15,43,26,6,6,83,65,49,30,6,8,90,56,51,16,11,7,57,62,65,12,8,5,40,48,57,6,7,6,71,61
1408,2022-02-28T00:00:00,16,41,26,7,5,84,65,44,30,5,7,91,56,50,16,9,6,58,62,67,12,6,5,41,48,61,6,8,5,71,61
1409,2022-02-28T00:00:00,17,38,26,7,5,88,65,36,30,6,5,94,57,44,16,8,5,63,63,49,12,5,5,41,50,46,6,7,5,71,62
1410,2022-02-28T00:00:00,18,31,26,9,4,87,65,32,30,6,5,90,57,35,16,11,4,64,62,43,12,5,4,43,47,36,6,8,4,71,62
1411,2022-02-28T00:00:00,19,21,26,12,3,87,64,26,30,9,3,88,57,27,16,11,4,64,62,30,12,9,3,45,43,30,6,10,3,71,62
1412,2022-02-28T00:00:00,20,16,26,15,3,91,65,19,30,15,2,99,56,18,16,16,4,64,62,22,10,12,2,44,42,26,6,12,3,67,61
1413,2022-02-28T00:00:00,21,9,26,18,3,96,65,20,30,18,3,102,57,14,16,20,4,61,62,14,10,17,2,44,42,26,6,20,3,73,59
1414,2022-02-28T00:00:00,22,6,26,20,3,100,65,22,30,21,3,103,57,5,16,23,5,61,62,11,10,19,2,45,42,24,6,23,4,74,59
1415,2022-02-28T00:00:00,23,7,28,20,4,101,66,14,30,21,4,105,58,8,14,21,5,63,62,18,8,20,3,46,42,9,6,23,5,76,61
1416,2022-02-28T00:00:00,24,9,30,17,5,102,66,11,32,20,5,106,59,12,14,20,6,64,62,17,8,16,3,46,42,5,6,22,5,76,62
